DATE,TMIN,TMAX,PREC,WATERTABLE
2010-01-01,3.3,5.8,2.9,1.69
2010-01-02,0.9,7,3.2,1.68
2010-01-03,-2.5,5.5,2.4,1.67
2010-01-04,-0.7,0.3,0,1.66
2010-01-05,-0.7,0.1,4.1,1.63
2010-01-06,-3.2,4.8,10.5,1.60
2010-01-07,-4.4,1.3,0.2,1.59
2010-01-08,0.7,3.9,12.1,1.58
2010-01-09,2.4,7.1,18.9,1.58
2010-01-10,0.2,8.8,3.1,1.57
2010-01-11,-1.1,8.1,0,1.56
2010-01-12,0.4,5.8,0,1.55
2010-01-13,1.4,5.1,0,1.54
2010-01-14,1.1,6.1,0.2,1.53
2010-01-15,-1,5.6,0,1.52
2010-01-16,-1.5,6.7,0,1.51
2010-01-17,0.3,3.7,0.4,1.50
2010-01-18,-0.9,6.2,0,1.49
2010-01-19,-1.3,-0.2,0,1.45
2010-01-20,-2.5,-0.1,0.4,1.42
2010-01-21,-0.2,0.1,0,1.41
2010-01-22,-1.1,0.9,0,1.40
2010-01-23,-4.2,1.5,0,1.39
2010-01-24,-4.1,2.3,0,1.37
2010-01-25,0,1.7,0,1.35
2010-01-26,-0.3,1,0,1.34
2010-01-27,-2.6,2.8,6.1,1.34
2010-01-28,-4.5,2.9,0,1.30
2010-01-29,-4.7,1.9,0,1.26
2010-01-30,-0.2,2.9,0,1.25
2010-01-31,-5.9,1.8,4.5,1.19
2010-02-01,-10.9,0.8,3.8,1.16
2010-02-02,-8.7,2.4,0,1.14
2010-02-03,-7.9,4.6,0,1.10
2010-02-04,-5,3.3,0,1.07
2010-02-05,0.7,2.9,1.8,1.05
2010-02-06,1.6,6.6,10.1,1.04
2010-02-07,0.6,10.2,3.8,1.02
2010-02-08,-1.6,6.7,0,1.02
2010-02-09,-1.1,4.3,0,1.02
2010-02-10,0.4,3.5,2.4,0.99
2010-02-11,0.7,3.8,17.4,0.96
2010-02-12,0.8,6.1,9.4,0.93
2010-02-13,-1,9.6,0,0.92
2010-02-14,-2.9,7.6,0.4,0.92
2010-02-15,-0.5,7.2,0.4,0.92
2010-02-16,2.3,5.1,0,0.91
2010-02-17,3.4,9,2.2,0.91
2010-02-18,4.7,11.5,3.9,0.91
2010-02-19,4.9,14.3,2.2,0.90
2010-02-20,2.4,10.3,5.4,0.87
2010-02-21,0.4,11.3,9.1,0.83
2010-02-22,5.1,9.3,1.6,0.82
2010-02-23,5.9,8.7,6.4,0.80
2010-02-24,2.5,11,0.2,0.80
2010-02-25,2.3,14.9,0,0.80
2010-02-26,5.1,14.3,2.4,0.80
2010-02-27,2.7,16.4,5.4,0.79
2010-02-28,7.1,9.8,0,0.79
2010-03-01,3.2,13.6,0,0.79
2010-03-02,5.8,16.2,0,0.79
2010-03-03,3.5,9.9,0,0.75
2010-03-04,5.6,8.5,35.8,0.75
2010-03-05,1.5,6.1,4.3,0.66
2010-03-06,-0.7,9.2,6.3,0.66
2010-03-07,0.5,7.3,0,0.66
2010-03-08,-1.9,5.5,0,0.68
2010-03-09,0.2,3.8,0,0.71
2010-03-10,0.2,1.1,6.7,0.73
2010-03-11,-2.5,2.8,10,0.75
2010-03-12,-2.5,5.1,0.1,0.78
2010-03-13,-2.5,10.3,0,0.80
2010-03-14,-0.7,12.4,0.2,0.83
2010-03-15,-0.6,13.8,0,0.85
2010-03-16,-0.2,15.7,0,0.88
2010-03-17,-0.2,14.8,0,0.90
2010-03-18,2.9,17.2,0,0.93
2010-03-19,4.2,17,0,0.95
2010-03-20,4.6,14.9,0,0.97
2010-03-21,9.1,15.1,0,0.99
2010-03-22,9.9,13.1,5.6,1.01
2010-03-23,7.9,15.5,1.6,1.03
2010-03-24,6,17.8,0.4,1.04
2010-03-25,6.3,19.2,0.2,1.05
2010-03-26,9.6,20.5,0,1.07
2010-03-27,7.8,19.1,0,1.08
2010-03-28,5.8,20.6,0,1.07
2010-03-29,4.6,20,0,1.06
2010-03-30,8.3,18,0,1.05
2010-03-31,6.6,17.6,3.6,1.04
2010-04-01,5.9,16.2,1.6,1.04
2010-04-02,3.7,15.1,0,1.03
2010-04-03,3.1,17.2,0.2,1.04
2010-04-04,8.8,15.7,0,1.05
2010-04-05,7.5,15.1,15.7,1.02
2010-04-06,3.8,18.5,0,1.03
2010-04-07,3.6,18,0,1.04
2010-04-08,1.9,19.2,0,1.05
2010-04-09,4.5,21.2,0,1.07
2010-04-10,7.7,23.4,0,1.08
2010-04-11,5.7,13.6,4.8,1.09
2010-04-12,2.3,14.6,0,1.11
2010-04-13,5,12.9,0,1.12
2010-04-14,1.8,18.4,0,1.13
2010-04-15,4.8,18.4,0,1.14
2010-04-16,5.8,16.6,0.2,1.14
2010-04-17,10,14.2,4.9,1.15
2010-04-18,8.8,17.1,9.1,1.15
2010-04-19,7.1,20.3,0.2,1.16
2010-04-20,6.3,24.2,0,1.17
2010-04-21,9.3,24.2,0,1.17
2010-04-22,9.1,22.3,0,1.16
2010-04-23,12.6,15.9,0,1.17
2010-04-24,11.1,16.3,13.6,1.18
2010-04-25,11.1,23.5,0.2,1.19
2010-04-26,11.3,25.2,0.2,1.20
2010-04-27,13.8,23,0,1.21
2010-04-28,12.6,23.9,0,1.19
2010-04-29,10.3,25.1,0,1.13
2010-04-30,11.5,26.5,0,1.16
2010-05-01,11.6,24.9,0,1.18
2010-05-02,14.7,19.6,0,1.22
2010-05-03,14.4,24.2,7.4,1.19
2010-05-04,13.3,19.5,3.5,1.22
2010-05-05,13.1,19,20.6,1.26
2010-05-06,9.3,19,8.9,1.29
2010-05-07,6.4,18.2,0,1.33
2010-05-08,10.7,20.4,7.8,1.35
2010-05-09,9.4,20.7,0,1.36
2010-05-10,13.8,22.2,2.4,1.38
2010-05-11,12.8,18.6,0.6,1.40
2010-05-12,12.1,22.5,12.6,1.41
2010-05-13,12.1,20.7,1.6,1.43
2010-05-14,10.2,20.8,2,1.44
2010-05-15,12.2,14.7,15.3,1.51
2010-05-16,11.6,21.5,12.2,1.58
2010-05-17,11.7,21.9,0,1.64
2010-05-18,9.7,24.3,0,1.71
2010-05-19,10.1,19.6,0,1.78
2010-05-20,10.3,21.2,0.2,1.85
2010-05-21,10.7,23.3,0,1.92
2010-05-22,14.4,25.5,0,1.99
2010-05-23,14,27.1,0.4,2.06
2010-05-24,14.7,28,0,2.13
2010-05-25,12.7,29.3,0,2.20
2010-05-26,12.6,28.7,0,2.27
2010-05-27,13.9,26.7,0,2.30
2010-05-28,14.3,23.5,15.4,2.37
2010-05-29,14.1,25.7,0,2.40
2010-05-30,13.7,25.2,13.5,2.43
2010-05-31,13.1,26.3,0,2.41
2010-06-01,9.7,26.5,0,2.44
2010-06-02,16,24.2,0,2.48
2010-06-03,15,22.3,0.8,2.51
2010-06-04,15.4,26.8,3,2.50
2010-06-05,15.9,27.1,0,2.51
2010-06-06,13.9,28.6,0,2.51
2010-06-07,15.7,29.7,0,2.52
2010-06-08,17.2,29.9,0.6,2.52
2010-06-09,16.7,30.3,0,2.53
2010-06-10,18.9,30.4,0,2.54
2010-06-11,18.1,32.6,0,2.54
2010-06-12,18.3,31.4,0,2.55
2010-06-13,17.5,30.3,0,2.56
2010-06-14,14.4,29.4,2.9,2.58
2010-06-15,19.2,23,0,2.57
2010-06-16,17,27.1,29.7,2.58
2010-06-17,15.6,24.3,0,2.59
2010-06-18,15.1,26.3,3.2,2.61
2010-06-19,14.4,24.3,0,2.63
2010-06-20,13.7,16.5,14.2,2.66
2010-06-21,13.9,19.2,42.5,2.68
2010-06-22,13.1,25.9,0,2.70
2010-06-23,16.1,26.4,0,2.73
2010-06-24,13.1,26.1,0,2.75
2010-06-25,14.6,28.1,0,2.73
2010-06-26,16.9,29.3,0,2.70
2010-06-27,15.9,29,0,2.66
2010-06-28,15.9,29.9,0,2.64
2010-06-29,17.4,30.8,0,2.62
2010-06-30,18,32.1,0,2.57
2010-07-01,18.4,33.5,0,2.55
2010-07-02,18.5,33.1,0,2.56
2010-07-03,19.2,33.6,0,2.57
2010-07-04,21,33.5,0,2.59
2010-07-05,20.8,31.4,0.2,2.60
2010-07-06,20.7,31.7,0,2.61
2010-07-07,18.7,28.7,0,2.62
2010-07-08,17.7,30.1,0,2.64
2010-07-09,16.8,31.8,0,2.63
2010-07-10,17.7,32.9,0,2.63
2010-07-11,18.5,33.4,0,2.58
2010-07-12,17.8,34.4,0,2.59
2010-07-13,20.9,34.6,0,2.60
2010-07-14,20.3,34.9,0,2.61
2010-07-15,20.8,36.2,0,2.60
2010-07-16,20.4,36.1,0,2.61
2010-07-17,21,35.7,0,2.63
2010-07-18,19.6,28.5,0,2.64
2010-07-19,18.2,30,0,2.65
2010-07-20,17.1,31.4,0,2.67
2010-07-21,17.2,33.4,0,2.68
2010-07-22,19.5,35.1,0,2.67
2010-07-23,20.4,34.8,0,2.68
2010-07-24,18.5,30.1,0,2.69
2010-07-25,14.3,29.5,0,2.69
2010-07-26,15.4,26.4,0,2.70
2010-07-27,14.1,27.1,0,2.65
2010-07-28,12.4,31.1,0.6,2.65
2010-07-29,17.7,24,0,2.65
2010-07-30,14.5,25.4,12.2,2.65
2010-07-31,13.7,28.4,0,2.55
2010-08-01,13.8,30.5,0,2.56
2010-08-02,16.9,32.7,0,2.57
2010-08-03,18.4,30.4,0,2.58
2010-08-04,17.5,28.8,0.5,2.55
2010-08-05,16.4,19.6,2.3,2.56
2010-08-06,15.6,26.3,41.3,2.52
2010-08-07,14.6,28.9,0,2.53
2010-08-08,15.4,30.2,0,2.54
2010-08-09,16.6,30.3,0,2.55
2010-08-10,16.1,31.1,0,2.56
2010-08-11,17.8,31.4,0,2.57
2010-08-12,19.3,30.5,0,2.58
2010-08-13,16,22.8,16.5,2.59
2010-08-14,15.3,22.9,11.6,2.59
2010-08-15,17.6,27.8,15.6,2.57
2010-08-16,14,27.7,0,2.57
2010-08-17,13.4,27.9,0,2.53
2010-08-18,14.7,28.6,0,2.54
2010-08-19,15.8,29.7,0,2.56
2010-08-20,18,28.5,0,2.57
2010-08-21,19.3,31.6,0,2.59
2010-08-22,18.9,32.2,0,2.61
2010-08-23,17.4,33,0,2.63
2010-08-24,17.8,32.6,0,2.64
2010-08-25,19.6,31.7,0,2.64
2010-08-26,19.8,32.6,0,2.66
2010-08-27,20,32.6,0,2.67
2010-08-28,18.6,32,0,2.69
2010-08-29,15.9,25.6,1,2.70
2010-08-30,11.5,24.7,1,2.71
2010-08-31,9.8,27,0,2.73
2010-09-01,10.6,26.3,0,2.73
2010-09-02,10.7,26.7,0,2.73
2010-09-03,13.4,26.7,0,2.74
2010-09-04,14,28,0,2.74
2010-09-05,16,25.8,0,2.75
2010-09-06,16.5,22.8,21.2,2.76
2010-09-07,15.5,24.5,0,2.77
2010-09-08,15,23,0.8,2.78
2010-09-09,12.6,26.6,6.5,2.79
2010-09-10,12.1,25.2,0,2.76
2010-09-11,10.9,26.6,0,2.74
2010-09-12,11.1,27.1,0,2.73
2010-09-13,11.8,24.1,0,2.73
2010-09-14,12.6,26.8,0.2,2.74
2010-09-15,11.7,28.3,0,2.75
2010-09-16,12.9,27.3,0,2.76
2010-09-17,19.8,25.1,0,2.77
2010-09-18,14.8,21.6,0.6,2.79
2010-09-19,12.6,22.3,5.9,2.80
2010-09-20,10.7,24.3,0,2.81
2010-09-21,9.9,25.3,0,2.78
2010-09-22,10.2,26.7,0,2.79
2010-09-23,9.6,26,0.2,2.81
2010-09-24,11.5,24.1,0,2.82
2010-09-25,10.2,19.8,8.8,2.83
2010-09-26,9.5,23.6,0,2.84
2010-09-27,13.3,18.3,0,2.85
2010-09-28,9.3,20.1,0.4,2.87
2010-09-29,7.5,22,0.2,2.88
2010-09-30,6,23,0.4,2.89
2010-10-01,11.7,21.1,0,2.90
2010-10-02,11.5,22.6,0.4,2.87
2010-10-03,10.3,22.2,0.2,2.88
2010-10-04,14.9,23,0,2.89
2010-10-05,17,25.5,9.5,2.91
2010-10-06,13.2,23.9,0,2.91
2010-10-07,11.4,23,0,2.92
2010-10-08,9.9,21.3,0,2.93
2010-10-09,6,19.9,0,2.94
2010-10-10,4.9,18.4,0,2.95
2010-10-11,8.5,18.9,0,2.95
2010-10-12,5.1,19.9,0,2.90
2010-10-13,9,14,2.5,2.90
2010-10-14,10.3,19.4,0.2,2.89
2010-10-15,10.5,15.6,0,2.89
2010-10-16,5.1,16.1,0,2.89
2010-10-17,9.2,10.8,44.2,2.89
2010-10-18,8.5,14.9,0.8,2.90
2010-10-19,6.9,17.4,0,2.90
2010-10-20,4.4,17.2,0.2,2.91
2010-10-21,4.9,16.9,0.2,2.91
2010-10-22,4.5,16.3,0,2.92
2010-10-23,4.6,14.8,0.2,2.92
2010-10-24,8.2,15.3,0,2.92
2010-10-25,9.4,16.9,10.4,2.93
2010-10-26,5.9,11.5,9.1,2.93
2010-10-27,1.9,12.9,1.6,2.93
2010-10-28,0.4,13.4,0.4,2.94
2010-10-29,1.3,16.5,0,2.94
2010-10-30,1.4,15.1,0.2,2.94
2010-10-31,11.2,16.9,0,2.95
2010-11-01,14.7,16.9,3.3,2.95
2010-11-02,13.2,17.1,4.1,2.95
2010-11-03,10.5,16.5,13.4,2.95
2010-11-04,8.6,17.5,0.6,2.96
2010-11-05,8.1,16.1,0.2,2.96
2010-11-06,10.8,16.5,0,2.92
2010-11-07,9.8,17.9,0,2.91
2010-11-08,9.1,15.2,3,2.90
2010-11-09,7.2,12.7,4.5,2.90
2010-11-10,7.2,12.6,4.2,2.90
2010-11-11,4.1,9.4,4,2.88
2010-11-12,4.7,14.3,0.2,2.88
2010-11-13,8.8,13.2,0,2.88
2010-11-14,10.4,12.9,0,2.86
2010-11-15,11.1,13.9,0.2,2.86
2010-11-16,9.8,17,3.8,2.86
2010-11-17,6.3,13.3,7.5,2.86
2010-11-18,5.5,12.2,0.6,2.80
2010-11-19,3.4,13.7,0.2,2.79
2010-11-20,3,11.7,0.2,2.77
2010-11-21,9.1,12.3,0.4,2.76
2010-11-22,5,9.2,11,2.75
2010-11-23,5.5,11.4,1.2,2.73
2010-11-24,1.2,10.2,8.4,2.72
2010-11-25,1.2,7.8,0.2,2.71
2010-11-26,1.6,7.5,5.2,2.69
2010-11-27,-0.3,8.6,2,2.66
2010-11-28,0.8,6.2,0,2.64
2010-11-29,-0.8,10.5,34.4,2.63
2010-11-30,3,7.6,0.4,2.61
2010-12-01,1.6,4.8,16.7,2.59
2010-12-02,-0.2,1.7,6.1,2.56
2010-12-03,0.4,5.8,1.8,2.55
2010-12-04,-1,3.6,1,2.48
2010-12-05,-3.1,3.7,0.2,2.46
2010-12-06,1.9,3.1,0.8,2.42
2010-12-07,1.9,6.1,0,2.40
2010-12-08,4.4,6.8,0,2.38
2010-12-09,1.8,12.6,0,2.37
2010-12-10,-2.1,8.9,0,2.36
2010-12-11,-3.6,7.4,0.2,2.34
2010-12-12,-3.4,7.6,0,2.33
2010-12-13,-2.1,6.7,0.2,2.32
2010-12-14,-6.1,-0.3,0,2.30
2010-12-15,-3.7,-2,0.2,2.29
2010-12-16,-7.1,-1.5,0,2.28
2010-12-17,-8.3,-1.2,0,2.24
2010-12-18,-8.8,-0.4,1,2.23
2010-12-19,-10.3,0,0,2.22
2010-12-20,-0.6,2.2,0,2.20
2010-12-21,0,3.2,0,2.19
2010-12-22,1.7,3.9,2.3,2.18
2010-12-23,3.1,6.3,9.3,2.16
2010-12-24,3.7,7.7,8.6,2.15
2010-12-25,5.7,9.7,6.2,2.13
2010-12-26,4.9,5.3,1.2,2.12
2010-12-27,-2.9,3.6,0.8,2.11
2010-12-28,-4.8,0.3,0.2,2.07
2010-12-29,-2.8,1.2,0.2,2.05
2010-12-30,0.7,3.9,0,2.04
2010-12-31,-2.2,7,0,2.03
2011-01-01,-1.4,5.5,0,2.01
2011-01-02,-0.2,5,0,2.00
2011-01-03,-5,8.2,0,1.99
2011-01-04,-6.1,4.5,0,1.98
2011-01-05,-1.5,2,0,1.96
2011-01-06,0.1,2.5,0,1.95
2011-01-07,1.1,3.9,0,1.94
2011-01-08,1,4.6,0,1.93
2011-01-09,2.4,3.5,0,1.92
2011-01-10,2.9,5.5,0.7,1.90
2011-01-11,-0.3,9.8,5.4,1.89
2011-01-12,-0.8,7.2,0.2,1.88
2011-01-13,2.1,5.3,0,1.87
2011-01-14,3,4.1,0.2,1.86
2011-01-15,3.2,7.4,0.2,1.84
2011-01-16,2.7,5.2,0.2,1.83
2011-01-17,1,2.9,0,1.82
2011-01-18,0,2.4,0,1.81
2011-01-19,-0.2,2.1,0.2,1.80
2011-01-20,2,5.6,4.1,1.79
2011-01-21,1.7,5.1,1.5,1.78
2011-01-22,-2.1,5.4,0,1.76
2011-01-23,-4.6,6.7,0,1.73
2011-01-24,-5.7,7.4,0,1.72
2011-01-25,-5.9,4.9,0,1.71
2011-01-26,-4.8,7.9,0,1.70
2011-01-27,1.1,5.2,0.2,1.69
2011-01-28,-1.3,8.3,0.6,1.68
2011-01-29,0.6,5.2,0,1.67
2011-01-30,0.4,2.6,1.3,1.66
2011-01-31,-0.5,5.4,8.8,1.63
2011-02-01,-0.5,5.4,0,1.62
2011-02-02,-1.6,4.6,0,1.58
2011-02-03,-3.2,9.4,0,1.57
2011-02-04,-4.6,10.9,0,1.56
2011-02-05,-3,12.9,0.3,1.55
2011-02-06,-4.5,12.7,0,1.44
2011-02-07,-3.7,14.4,0.1,1.33
2011-02-08,-4.7,13.9,0,1.31
2011-02-09,-3.3,12.6,0.2,1.30
2011-02-10,-3.9,13.6,0.1,1.29
2011-02-11,-3,15.1,0.2,1.28
2011-02-12,-1.3,16,0,1.28
2011-02-13,5.2,10.8,0,1.27
2011-02-14,5.3,10.3,0,1.26
2011-02-15,5.9,13.4,0,1.25
2011-02-16,6.9,8.8,2.5,1.24
2011-02-17,6.4,11.4,11.7,1.22
2011-02-18,3.6,12.4,3.3,1.22
2011-02-19,0,14.4,0.2,1.21
2011-02-20,1.2,10.1,0.3,1.20
2011-02-21,-1.1,10.4,10.6,1.20
2011-02-22,-2.3,8.1,0,1.19
2011-02-23,-4.1,7.5,0,1.14
2011-02-24,-5.9,8.4,0,1.14
2011-02-25,-5.3,9,0,1.09
2011-02-26,-5.6,10.1,0,1.06
2011-02-27,-1.5,4.4,0,1.05
2011-02-28,2.9,7.2,8,1.05
2011-03-01,2.1,10.2,19.9,1.04
2011-03-02,0.4,4,6,1.04
2011-03-03,0.4,2.8,6.2,1.03
2011-03-04,1.4,7.3,8.4,1.03
2011-03-05,2.5,9,0,0.98
2011-03-06,0.1,16.1,0,0.97
2011-03-07,-1,8.4,0,0.97
2011-03-08,-5.2,8.9,0,0.96
2011-03-09,-5,11.2,0,0.96
2011-03-10,-3.1,15.2,0,0.96
2011-03-11,-0.1,16,0,0.95
2011-03-12,-0.3,15.4,0,0.95
2011-03-13,6.9,11.2,0,0.95
2011-03-14,7.4,12.3,7.1,0.94
2011-03-15,9.5,13,3.8,0.94
2011-03-16,10.6,15.9,17.2,0.92
2011-03-17,6.7,17.1,16.5,0.86
2011-03-18,4.4,17.3,0.2,0.85
2011-03-19,3.8,15.9,0,0.87
2011-03-20,2.5,14.1,2.2,0.90
2011-03-21,0.3,12.5,0,0.92
2011-03-22,-0.5,15.6,0,0.94
2011-03-23,0.3,19.3,0,0.96
2011-03-24,2.2,21.8,0,0.99
2011-03-25,2.5,23.4,0,1.01
2011-03-26,5.4,20.5,0,0.91
2011-03-27,4.5,18.8,0,0.90
2011-03-28,10.3,14.8,0.5,0.88
2011-03-29,4.7,19.2,2.1,0.89
2011-03-30,3.5,21,0.5,0.89
2011-03-31,4.7,22.7,0,0.90
2011-04-01,5.8,24.5,0,0.90
2011-04-02,6.2,24.8,0,0.90
2011-04-03,5.9,25.3,0,0.91
2011-04-04,8.3,24.5,0,0.91
2011-04-05,7.1,20.5,0.9,0.86
2011-04-06,6.5,23.3,0,0.85
2011-04-07,7.8,26.8,0,0.85
2011-04-08,8.9,27.6,0,0.84
2011-04-09,9.4,29,0,0.84
2011-04-10,9.5,23.2,0,0.84
2011-04-11,5.3,24.1,0,0.84
2011-04-12,6.6,27,0,0.84
2011-04-13,5,17.7,4.8,0.84
2011-04-14,4.5,15.6,0,0.84
2011-04-15,2.5,16,2.8,0.84
2011-04-16,1.3,17.5,1.6,0.86
2011-04-17,2.6,18.7,0,0.88
2011-04-18,2.2,20.5,0,0.88
2011-04-19,3.5,21.7,0,0.88
2011-04-20,2.9,22.8,0,0.89
2011-04-21,4,25,0,0.91
2011-04-22,5.5,24.2,0,0.93
2011-04-23,10.9,19.9,0,0.94
2011-04-24,8.7,21.8,0,0.95
2011-04-25,7.8,22.1,0,0.96
2011-04-26,7.9,20.7,0,0.96
2011-04-27,7.9,22.1,0.2,0.95
2011-04-28,9.3,19.4,0.4,0.92
2011-04-29,10.2,19.1,0,0.85
2011-04-30,9.9,17.9,0.9,0.86
2011-05-01,10.1,23.2,3.7,0.86
2011-05-02,7.7,24.2,0,0.87
2011-05-03,13,24.3,0,0.88
2011-05-04,8.7,18.4,21.5,0.88
2011-05-05,5.8,18.5,0,0.89
2011-05-06,3.2,20.3,0,0.90
2011-05-07,5.1,25.1,0,0.97
2011-05-08,8.6,28.3,0,1.04
2011-05-09,5,21.2,0.7,1.11
2011-05-10,7.4,24.8,0,1.18
2011-05-11,8.1,28.7,0,1.25
2011-05-12,10.1,29.4,0,1.32
2011-05-13,12.1,26.8,0,1.39
2011-05-14,10.8,28.4,0,1.46
2011-05-15,9.8,19.9,1.6,1.53
2011-05-16,6.4,23,10.9,1.59
2011-05-17,7.5,23.3,0,1.65
2011-05-18,10.7,25,0,1.72
2011-05-19,8,27.7,0,1.79
2011-05-20,11.4,28.6,0,1.86
2011-05-21,11.5,28.3,0.1,1.93
2011-05-22,9.9,29.7,0,1.99
2011-05-23,14.1,29.4,0,2.00
2011-05-24,13.7,30.5,0,2.04
2011-05-25,15.1,30.5,0,2.11
2011-05-26,14.7,30.1,0,2.18
2011-05-27,14.3,30.4,0,2.21
2011-05-28,10.4,24.4,2.5,2.20
2011-05-29,10,26,0,2.21
2011-05-30,9.5,28,0,2.22
2011-05-31,8,28.8,0,2.23
2011-06-01,15.3,26.1,0.3,2.24
2011-06-02,14.3,27.3,0,2.25
2011-06-03,14.5,27.5,0,2.27
2011-06-04,16.1,28.9,0.3,2.28
2011-06-05,14,28.1,0,2.29
2011-06-06,13.9,23.2,7.3,2.30
2011-06-07,16.3,21.4,18.9,2.32
2011-06-08,14.6,25.2,20.4,2.33
2011-06-09,14,26.4,3.9,2.34
2011-06-10,16.3,25.6,5.9,2.35
2011-06-11,14.2,24.9,1.5,2.36
2011-06-12,14.4,27.1,0.5,2.37
2011-06-13,14.8,24.5,0,2.38
2011-06-14,14.7,27.7,0.2,2.39
2011-06-15,14.2,29.9,0,2.40
2011-06-16,15.1,31.1,0,2.39
2011-06-17,16.5,30.7,0,2.37
2011-06-18,17.1,29.4,0,2.35
2011-06-19,16.9,28.9,0,2.36
2011-06-20,16.3,28.4,0,2.37
2011-06-21,15.5,30.7,0,2.35
2011-06-22,16.3,34,0,2.36
2011-06-23,17.1,33.5,0,2.36
2011-06-24,16.5,30.6,0,2.35
2011-06-25,15.8,28.2,0,2.35
2011-06-26,14.7,31.2,0,2.36
2011-06-27,16.6,30.7,0,2.37
2011-06-28,18,32.6,0,2.35
2011-06-29,19.4,32.6,0,2.36
2011-06-30,19.2,30.2,6,2.36
2011-07-01,18.5,28,0,2.37
2011-07-02,10.8,25.4,0.1,2.38
2011-07-03,9.6,29.7,0,2.39
2011-07-04,13.8,30.9,0,2.40
2011-07-05,18.2,27.7,3.5,2.42
2011-07-06,17.2,31.8,0,2.43
2011-07-07,17.4,33.3,0,2.44
2011-07-08,17.3,35.1,0,2.45
2011-07-09,18.6,33.9,0,2.46
2011-07-10,18.2,34.9,0,2.46
2011-07-11,20,34.8,0,2.47
2011-07-12,19.7,34.7,0,2.47
2011-07-13,22.3,37.3,0,2.48
2011-07-14,20.3,34.6,0,2.49
2011-07-15,17.3,32.1,0,2.49
2011-07-16,16.5,31.1,0,2.50
2011-07-17,15.2,31.7,0,2.50
2011-07-18,13,29.9,0.2,2.50
2011-07-19,13.1,28.7,0,2.50
2011-07-20,14.5,29.1,10.9,2.50
2011-07-21,12.9,29.2,0,2.50
2011-07-22,14.5,30.5,0,2.50
2011-07-23,14.1,25.9,0,2.50
2011-07-24,12.8,21.5,28.2,2.50
2011-07-25,11.2,24.9,0.5,2.50
2011-07-26,10.9,27.3,0,2.50
2011-07-27,13.6,25.4,0,2.50
2011-07-28,16.6,28.9,0.6,2.50
2011-07-29,16.4,29.3,0,2.50
2011-07-30,14.3,27.3,0,2.50
2011-07-31,16.8,29.2,0,2.50
2011-08-01,14.3,30.8,0.3,2.50
2011-08-02,16.4,33,0,2.50
2011-08-03,17.7,31.9,0,2.50
2011-08-04,16.8,32.2,0,2.50
2011-08-05,19.5,31.9,0,2.53
2011-08-06,18.2,33.1,0,2.55
2011-08-07,20,34.2,0,2.58
2011-08-08,18.4,34.4,0,2.60
2011-08-09,14.3,27.3,0,2.60
2011-08-10,13.1,28.4,0,2.60
2011-08-11,11.1,29.5,0,2.60
2011-08-12,12.7,31.7,0,2.60
2011-08-13,16.1,32,0,2.63
2011-08-14,16.4,33.4,0,2.65
2011-08-15,16.8,31.9,0,2.68
2011-08-16,17.4,33.3,0,2.70
2011-08-17,16.6,33.6,0,2.72
2011-08-18,16.8,35.5,0,2.73
2011-08-19,18.4,37.6,0,2.75
2011-08-20,21,36.2,0,2.77
2011-08-21,18.9,37.6,0,2.78
2011-08-22,18.7,37.5,0,2.80
2011-08-23,17.4,38.4,0,2.81
2011-08-24,19.4,38,11.2,2.79
2011-08-25,18,37.9,0,2.80
2011-08-26,17.1,37.9,0,2.82
2011-08-27,16.4,35.2,0,2.83
2011-08-28,14.2,30.2,0,2.84
2011-08-29,14,32.3,0,2.85
2011-08-30,14.4,31.6,0,2.87
2011-08-31,15.5,32.6,0,2.88
2011-09-01,17,33.1,0,2.89
2011-09-02,18.3,32.1,0,2.90
2011-09-03,20.5,32.4,0,2.90
2011-09-04,19.1,29.4,0,2.91
2011-09-05,18.6,29.5,3.6,2.88
2011-09-06,17.3,27.8,0,2.88
2011-09-07,15.4,29.4,1.2,2.86
2011-09-08,17.4,30,0.3,2.86
2011-09-09,16.9,32.1,0,2.87
2011-09-10,17.8,32.3,0,2.88
2011-09-11,17.7,33.2,0,2.89
2011-09-12,18.9,32,0,2.89
2011-09-13,17.9,33.3,0,2.90
2011-09-14,19.2,34.3,0,2.91
2011-09-15,18,32.8,0,2.92
2011-09-16,18.3,32.3,0,2.92
2011-09-17,15.9,32.6,0,2.93
2011-09-18,15.3,29.5,0,2.94
2011-09-19,15,21,1.3,2.93
2011-09-20,12.3,25,0.1,2.92
2011-09-21,10.6,28.1,0,2.92
2011-09-22,13.3,29,0,2.93
2011-09-23,13.4,27.1,0,2.93
2011-09-24,11.3,28.2,0,2.94
2011-09-25,12.2,28.1,3.4,2.94
2011-09-26,12.9,28.9,12.3,2.95
2011-09-27,12.1,28.3,0,2.95
2011-09-28,12.3,28.2,0,2.96
2011-09-29,10.8,28.6,0,2.96
2011-09-30,10.7,28.3,0,2.96
2011-10-01,11.4,28.8,0,2.97
2011-10-02,12.1,29.8,0,2.97
2011-10-03,10,29.5,0,2.98
2011-10-04,10.3,29.7,0,2.98
2011-10-05,11.3,29.3,0,2.98
2011-10-06,10.7,28.6,0,2.99
2011-10-07,6.5,24.4,0.5,2.99
2011-10-08,4.5,20.1,1.2,2.98
2011-10-09,5.4,19.7,0,2.98
2011-10-10,5.6,22.3,0,2.98
2011-10-11,6.4,24.5,0,2.98
2011-10-12,7.3,28.3,0,2.98
2011-10-13,10.8,23.5,0,2.99
2011-10-14,5.6,19.1,0,2.99
2011-10-15,3.4,15.8,0,2.98
2011-10-16,2.8,17.4,0,2.98
2011-10-17,0.6,17.4,0,2.98
2011-10-18,1.8,19.7,0,2.98
2011-10-19,8.7,22.4,0,2.98
2011-10-20,6.9,17.4,3.7,2.98
2011-10-21,5.9,15.1,0.3,2.97
2011-10-22,1.9,14.2,0,2.96
2011-10-23,1.1,14.6,0,2.96
2011-10-24,2.5,10.1,0,2.96
2011-10-25,8.8,13.1,0.2,2.95
2011-10-26,9.1,12.9,17.6,2.93
2011-10-27,7.1,16.5,0.8,2.88
2011-10-28,6.6,17.8,0.4,2.88
2011-10-29,4.8,16.3,0,2.87
2011-10-30,8.4,16.2,0,2.87
2011-10-31,9.9,16.6,0,2.86
2011-11-01,8.8,14.6,0,2.86
2011-11-02,10.2,16.5,0,2.85
2011-11-03,10,17.3,0,2.85
2011-11-04,11.2,17.6,1.6,2.84
2011-11-05,14.4,18.9,0.4,2.83
2011-11-06,12.7,17.3,10.5,2.80
2011-11-07,11.8,15.2,2.3,2.78
2011-11-08,12,20.5,11.9,2.75
2011-11-09,8.9,17.2,0,2.73
2011-11-10,6.6,16.8,0,2.72
2011-11-11,6.6,13.6,0.3,2.72
2011-11-12,2.4,13,0,2.71
2011-11-13,1.4,13.8,0,2.70
2011-11-14,0.5,13,0,2.70
2011-11-15,2,5.5,0.2,2.69
2011-11-16,0.3,6.5,0.2,2.69
2011-11-17,0.2,9.9,0.2,2.68
2011-11-18,-1.1,9.3,0.2,2.67
2011-11-19,-0.5,6.8,0.4,2.67
2011-11-20,0.3,3.2,0.2,2.66
2011-11-21,1,3.8,0.2,2.65
2011-11-22,3.6,8.3,0.2,2.64
2011-11-23,2.4,13.2,0.7,2.63
2011-11-24,1.3,12.1,0,2.62
2011-11-25,-0.6,12.8,0.2,2.62
2011-11-26,-2.1,10.2,0,2.61
2011-11-27,-1.8,11.7,0.2,2.60
2011-11-28,-1.3,10.3,0.3,2.59
2011-11-29,-1.5,10.6,0,2.58
2011-11-30,-3.1,11.1,0.4,2.57
2011-12-01,-2.3,10.7,0.1,2.57
2011-12-02,1.5,9.8,0.3,2.56
2011-12-03,4.3,8.5,0,2.55
2011-12-04,5.9,8,0.7,2.54
2011-12-05,0.3,8.3,0,2.53
2011-12-06,-1.6,11.2,0,2.53
2011-12-07,-3.3,11.5,0,2.52
2011-12-08,-1.1,13.4,0.2,2.52
2011-12-09,-0.8,9.6,0,2.51
2011-12-10,0.9,10.5,0,2.50
2011-12-11,-1.4,10.9,0,2.50
2011-12-12,3.5,8,0.2,2.49
2011-12-13,1.4,11.1,3.6,2.47
2011-12-14,3.4,8.3,0,2.47
2011-12-15,-0.3,7.7,0,2.46
2011-12-16,-1,14.3,0,2.45
2011-12-17,0.3,10,2.5,2.44
2011-12-18,-4.4,4,0,2.44
2011-12-19,-3.4,7.6,0,2.43
2011-12-20,-5.8,5.8,0,2.42
2011-12-21,-5.6,5.4,0,2.42
2011-12-22,-5.6,8,0,2.41
2011-12-23,-5.6,7.8,0,2.41
2011-12-24,-4.4,1.8,0,2.40
2011-12-25,-0.4,10,6.7,2.37
2011-12-26,-2.3,7.5,0,2.36
2011-12-27,-1.3,9.5,0,2.36
2011-12-28,-2.2,9.9,0,2.35
2011-12-29,-3.8,3.4,0,2.35
2011-12-30,-1.3,6.4,1.5,2.34
2011-12-31,-2.6,10.2,0,2.33
2012-01-01,-4.1,9.2,0,2.33
2012-01-02,-2.9,6,0,2.32
2012-01-03,1.8,6.8,0.3,2.32
2012-01-04,-1.6,2.3,0,2.31
2012-01-05,-0.9,8.8,0.2,2.30
2012-01-06,0.5,10.5,3.1,2.29
2012-01-07,-0.3,11.2,0,2.28
2012-01-08,-2.6,11.8,0,2.28
2012-01-09,-2.8,12.2,0,2.28
2012-01-10,-3.2,11.4,0,2.27
2012-01-11,-4.3,10.1,0,2.27
2012-01-12,-4.6,10.5,0.2,2.26
2012-01-13,-4.1,8.7,0,2.26
2012-01-14,-4.2,2.7,0,2.25
2012-01-15,-1.4,1.2,0.4,2.25
2012-01-16,-1.3,2,0,2.24
2012-01-17,-2.8,0.3,0,2.23
2012-01-18,-3.6,-1,0,2.23
2012-01-19,-3.4,0.1,0.3,2.22
2012-01-20,-4.2,-0.5,0,2.21
2012-01-21,-2.9,2.7,0,2.21
2012-01-22,-3.7,3.7,0,2.20
2012-01-23,-3,9.2,0,2.20
2012-01-24,-3,5.5,0.5,2.19
2012-01-25,-6.3,11.4,0,2.19
2012-01-26,-7.5,9.6,0,2.19
2012-01-27,-4.1,9.9,0,2.18
2012-01-28,-4.6,8.3,0,2.18
2012-01-29,1.2,6.1,0,2.18
2012-01-30,-6.8,5.3,0,2.17
2012-01-31,-5.5,1.8,0,2.17
2012-02-01,-2.2,-0.2,0,2.16
2012-02-02,-2.1,0.4,0.1,2.15
2012-02-03,-10.4,-1.3,4.2,2.14
2012-02-04,-5.7,-2.5,1.8,2.14
2012-02-05,-10.5,-0.6,0,2.13
2012-02-06,-17.4,-4,2.7,2.12
2012-02-07,-7,1.2,0.1,2.12
2012-02-08,-8.7,3.3,0,2.12
2012-02-09,-11.1,1.7,0,2.11
2012-02-10,-3.2,0.4,0,2.10
2012-02-11,-5.1,-1.9,0,2.10
2012-02-12,-8.7,-1.8,0.1,2.10
2012-02-13,-12.9,0.2,2.5,2.09
2012-02-14,-13.8,2.3,0.1,2.09
2012-02-15,-12.4,4.3,0.1,2.08
2012-02-16,-10.9,9.1,0,2.08
2012-02-17,-8.9,5.4,0,2.08
2012-02-18,-5.3,6.8,0,2.08
2012-02-19,0.2,5.2,0,2.08
2012-02-20,1,4.4,14.2,2.07
2012-02-21,-0.4,8.6,8.7,2.00
2012-02-22,-1.7,11.7,0,2.00
2012-02-23,-2,14.4,0.3,1.99
2012-02-24,0.9,18.7,0,1.99
2012-02-25,1.6,19.3,0,2.00
2012-02-26,1,14.3,0,2.00
2012-02-27,-0.4,12.2,0.5,2.00
2012-02-28,-1.2,15,0,2.00
2012-02-29,2.9,19.2,0.5,2.00
2012-03-01,0,19.4,0,2.00
2012-03-02,2.9,21.6,0,2.00
2012-03-03,1.8,20.6,0,2.00
2012-03-04,4.4,16.1,0,2.00
2012-03-05,2.3,13.9,0,2.00
2012-03-06,2.6,10.5,0,2.00
2012-03-07,-1.9,13.4,0,2.00
2012-03-08,-1.2,14.2,0,1.99
2012-03-09,-0.9,14.9,0,1.99
2012-03-10,-3,13.7,0,1.99
2012-03-11,-2,16.4,0,1.99
2012-03-12,1,19.1,0,1.99
2012-03-13,0,17.8,0,2.00
2012-03-14,0.9,19.9,0,2.00
2012-03-15,1.3,20.1,0,2.00
2012-03-16,0.1,20.1,0,2.02
2012-03-17,3.4,19.4,0,2.04
2012-03-18,7.8,21.1,0,2.05
2012-03-19,5.3,19.7,0,2.07
2012-03-20,7.1,16.6,0,2.09
2012-03-21,4.6,21.4,0,2.10
2012-03-22,3,23.1,0,2.12
2012-03-23,4,22.1,0,2.14
2012-03-24,4.8,22.4,0,2.16
2012-03-25,4.4,22.3,0,2.18
2012-03-26,6.1,23.5,0,2.20
2012-03-27,2.9,21.7,0,2.22
2012-03-28,3.9,25.1,0,2.24
2012-03-29,4.8,28.1,0,2.26
2012-03-30,8.1,26.8,0,2.28
2012-03-31,4.2,25.1,0,2.30
2012-04-01,5.7,14.7,0,2.32
2012-04-02,1.7,17.7,0,2.34
2012-04-03,6.3,16.5,0,2.36
2012-04-04,11.5,18.7,0,2.37
2012-04-05,9.9,19.9,0.2,2.39
2012-04-06,9,21.4,3.3,2.41
2012-04-07,7.2,20.8,0,2.42
2012-04-08,4.2,11.4,0.6,2.44
2012-04-09,0.1,12.4,0.2,2.46
2012-04-10,2,15.5,0.4,2.47
2012-04-11,6.8,15.3,2.4,2.49
2012-04-12,3.1,19,13.6,2.45
2012-04-13,8.1,13.2,2.1,2.46
2012-04-14,9.4,14.7,12.3,2.42
2012-04-15,8.9,15.6,5.5,2.41
2012-04-16,8.4,16.4,0.7,2.40
2012-04-17,6.6,17.5,3.8,2.40
2012-04-18,6.4,17.8,0,2.40
2012-04-19,6.6,17.8,0.3,2.41
2012-04-20,7.7,17.6,10.1,2.38
2012-04-21,4.9,21.3,0.2,2.39
2012-04-22,6.7,21.1,0.7,2.40
2012-04-23,4.8,19.8,0,2.40
2012-04-24,6.8,18.4,0.9,2.41
2012-04-25,4.6,22.2,0.3,2.42
2012-04-26,7.7,22.9,0,2.43
2012-04-27,7.9,25.1,0,2.44
2012-04-28,9.4,27.8,0,2.45
2012-04-29,13.4,22.8,0,2.47
2012-04-30,12.1,25.5,0,2.47
2012-05-01,11.2,25,0.1,2.49
2012-05-02,8.7,22.2,9.7,2.47
2012-05-03,9.6,24.1,0,2.48
2012-05-04,9.8,24.1,0,2.49
2012-05-05,8.3,24.9,0,2.50
2012-05-06,14.2,20.7,1,2.51
2012-05-07,12.2,22,3.6,2.51
2012-05-08,9.1,23.8,0,2.51
2012-05-09,12.1,25.2,0,2.52
2012-05-10,12.1,28.1,0,2.53
2012-05-11,12.9,29.7,0,2.54
2012-05-12,13.8,32.1,0,2.55
2012-05-13,9,22,18.8,2.56
2012-05-14,7.4,18.3,4.5,2.48
2012-05-15,6.5,22.4,0,2.49
2012-05-16,5.4,16,0.5,2.49
2012-05-17,4.7,21.1,0.3,2.50
2012-05-18,5.3,21.3,0,2.50
2012-05-19,6.8,23.2,0,2.51
2012-05-20,9.3,19.8,0,2.52
2012-05-21,9.9,20.8,27.7,2.47
2012-05-22,9.1,20.8,23.6,2.35
2012-05-23,14.8,26.4,0.1,2.35
2012-05-24,16,29.9,0,2.36
2012-05-25,13.2,25.6,5,2.36
2012-05-26,12.9,23.3,0,2.36
2012-05-27,11.3,24.4,0,2.37
2012-05-28,12.8,25.3,0,2.38
2012-05-29,11.6,28.3,0,2.39
2012-05-30,16.5,29.3,0.8,2.40
2012-05-31,15.4,27.3,0,2.41
2012-06-01,15.7,28.8,0.1,2.42
2012-06-02,16.1,28.6,0,2.42
2012-06-03,16.2,30,0,2.43
2012-06-04,14.7,22.4,0,2.44
2012-06-05,11.9,27.3,13.5,2.40
2012-06-06,13.3,28.6,0,2.41
2012-06-07,14.3,31.2,0,2.42
2012-06-08,15.4,28.5,0,2.42
2012-06-09,15.9,29.1,0.7,2.42
2012-06-10,15.3,27.5,0,2.42
2012-06-11,14.7,28.8,0,2.42
2012-06-12,13.4,27,0.8,2.43
2012-06-13,10.8,26.8,0,2.43
2012-06-14,10.7,28.3,3.3,2.42
2012-06-15,12.2,29.9,0,2.42
2012-06-16,11.8,30.8,0,2.42
2012-06-17,14.5,33.4,0,2.43
2012-06-18,15.3,35.9,0,2.44
2012-06-19,18.1,36.7,0,2.44
2012-06-20,18.9,36.5,0,2.45
2012-06-21,19.9,35.3,0,2.46
2012-06-22,19.5,34.7,0,2.46
2012-06-23,18.5,32.3,0,2.47
2012-06-24,17.6,33.4,0,2.47
2012-06-25,19.3,34.4,0,2.47
2012-06-26,18.2,29.9,0,2.48
2012-06-27,16.9,31.6,0,2.48
2012-06-28,16.6,33,0,2.49
2012-06-29,20,36.2,0,2.50
2012-06-30,20.9,37.2,0,2.51
2012-07-01,20.3,38.4,0,2.52
2012-07-02,22,38.3,0,2.54
2012-07-03,19.8,33.6,0,2.55
2012-07-04,18.6,33.5,0,2.56
2012-07-05,19.4,34.6,0,2.57
2012-07-06,17.8,33.1,0,2.58
2012-07-07,17.5,33.1,7.6,2.56
2012-07-08,16.6,36.1,0,2.57
2012-07-09,17.1,35.3,0,2.58
2012-07-10,16.5,36.5,0,2.59
2012-07-11,18.3,35,0,2.60
2012-07-12,18.1,33.7,0,2.61
2012-07-13,17.1,33.2,0,2.61
2012-07-14,16.2,35.1,0,2.62
2012-07-15,18.1,33.1,0,2.63
2012-07-16,15.3,29.5,0,2.63
2012-07-17,12.5,32.4,0,2.63
2012-07-18,14.3,33.5,0,2.64
2012-07-19,15.3,36.6,0,2.63
2012-07-20,16.1,36.7,0,2.63
2012-07-21,16.9,31.3,0,2.62
2012-07-22,17.9,27.8,0,2.61
2012-07-23,17.5,27.3,0,2.59
2012-07-24,15.9,30.4,0,2.58
2012-07-25,16.5,33.3,0,2.57
2012-07-26,17.8,34.4,0,2.56
2012-07-27,17.7,37.2,0,2.55
2012-07-28,19.4,37.9,0,2.55
2012-07-29,19.9,35.8,0,2.55
2012-07-30,16,33.6,0,2.55
2012-07-31,19.3,33,0,2.55
2012-08-01,18.1,34.3,0,2.55
2012-08-02,16.9,35.8,0,2.55
2012-08-03,19.1,36.5,0,2.55
2012-08-04,18.7,36.3,0,2.55
2012-08-05,18.9,36.6,0,2.57
2012-08-06,21,37,0,2.59
2012-08-07,18.9,35.7,0,2.60
2012-08-08,16.7,34,0,2.62
2012-08-09,17.2,33.9,0,2.64
2012-08-10,18.5,31.7,0,2.65
2012-08-11,17.3,32.4,0,2.66
2012-08-12,18.6,28.9,0,2.68
2012-08-13,18.2,31.4,0,2.69
2012-08-14,20.3,31.6,0.4,2.70
2012-08-15,19.4,35.2,0,2.71
2012-08-16,19.3,35.9,0,2.73
2012-08-17,20.8,34.6,0,2.74
2012-08-18,18,35.6,0,2.76
2012-08-19,17.5,35.2,0,2.77
2012-08-20,17,37.5,0,2.79
2012-08-21,19.4,37.9,0,2.80
2012-08-22,19.5,38.1,0,2.82
2012-08-23,22.1,37.1,0,2.83
2012-08-24,20.5,38.7,0,2.85
2012-08-25,18.6,37.4,0,2.86
2012-08-26,15.4,33.2,0.1,2.88
2012-08-27,13,29.2,0,2.89
2012-08-28,12.9,31.3,0,2.90
2012-08-29,14.5,33.1,0,2.91
2012-08-30,16,33.4,0,2.92
2012-08-31,16.1,30.8,0.4,2.93
2012-09-01,14.6,26.3,0,2.94
2012-09-02,16.2,24.5,0.9,2.95
2012-09-03,17.7,24,16,2.95
2012-09-04,17.8,24.5,25.1,2.85
2012-09-05,17.8,25.6,10,2.81
2012-09-06,17.7,29.2,0,2.80
2012-09-07,16.4,28.5,0,2.81
2012-09-08,14.2,30,0,2.82
2012-09-09,15.1,30.6,0,2.83
2012-09-10,15.3,31.3,0,2.84
2012-09-11,15.9,31.2,0,2.84
2012-09-12,16.6,29.2,0,2.85
2012-09-13,13.5,19.1,18.1,2.85
2012-09-14,14.2,24.5,0,2.81
2012-09-15,12.7,24,0,2.81
2012-09-16,11.1,24.9,0,2.82
2012-09-17,13.2,25.8,0,2.82
2012-09-18,10.9,27.2,0,2.83
2012-09-19,14.5,23.8,0,2.83
2012-09-20,9.6,22.2,1,2.84
2012-09-21,7.4,22.5,0,2.84
2012-09-22,8,26.3,0,2.84
2012-09-23,17.7,25.6,0,2.85
2012-09-24,14.4,29,0,2.85
2012-09-25,11.1,27.8,6.3,2.84
2012-09-26,18.8,27.9,0,2.84
2012-09-27,15.9,27.9,0,2.85
2012-09-28,13.8,24.1,0.3,2.85
2012-09-29,16.6,20.7,0.2,2.85
2012-09-30,16.7,23.1,0.5,2.85
2012-10-01,16.1,24.7,21.5,2.80
2012-10-02,15.2,24.2,9,2.77
2012-10-03,13.9,25,0,2.77
2012-10-04,11.5,25.9,0,2.78
2012-10-05,13.6,26,0,2.78
2012-10-06,13.6,26,0,2.78
2012-10-07,14.5,26.5,0,2.79
2012-10-08,14.7,22.1,0,2.79
2012-10-09,13.9,19.7,5.7,2.79
2012-10-10,14.2,21.4,0.1,2.77
2012-10-11,11.1,19.9,0,2.77
2012-10-12,10.9,17.7,0.8,2.77
2012-10-13,12.2,20.4,0,2.77
2012-10-14,10.3,17.8,5.7,2.75
2012-10-15,12,19.2,0,2.75
2012-10-16,7.4,19.2,5,2.74
2012-10-17,6.4,21.8,0,2.74
2012-10-18,11.5,20,0.2,2.74
2012-10-19,9.6,18.4,0,2.74
2012-10-20,8.4,22.2,0,2.74
2012-10-21,9.6,20.6,0.3,2.74
2012-10-22,9.1,22.3,0,2.74
2012-10-23,7.7,21.7,0,2.74
2012-10-24,6.6,20.7,0.3,2.74
2012-10-25,6.5,20.8,0,2.74
2012-10-26,7.6,15.5,0,2.74
2012-10-27,10,16,24.2,2.67
2012-10-28,5.4,13.2,2.5,2.64
2012-10-29,1.2,11.2,3.3,2.64
2012-10-30,-0.9,12.1,0,2.63
2012-10-31,4.4,13.2,0.5,2.63
2012-11-01,6,15.2,34.7,2.52
2012-11-02,3.4,16.1,0.3,2.51
2012-11-03,2.9,18,0.4,2.50
2012-11-04,11.1,17.9,1,2.50
2012-11-05,7.2,20.9,0.4,2.49
2012-11-06,6,17.8,0,2.48
2012-11-07,3.9,14.4,0.9,2.48
2012-11-08,1,15.4,0.2,2.47
2012-11-09,2.1,16.6,0,2.47
2012-11-10,6.7,14.6,0,2.46
2012-11-11,11.4,17.5,5,2.46
2012-11-12,8.3,12,8.6,2.40
2012-11-13,9.9,14.3,0.2,2.40
2012-11-14,4.8,16,0.3,2.39
2012-11-15,3,13.4,0,2.38
2012-11-16,2.7,11.6,0,2.38
2012-11-17,7.6,10.8,0,2.37
2012-11-18,8.3,10.1,0,2.37
2012-11-19,8.1,9.5,0,2.36
2012-11-20,4.8,14.6,7.7,2.33
2012-11-21,3.3,13.6,0,2.32
2012-11-22,5.4,12,0,2.32
2012-11-23,5.7,14.5,1.1,2.31
2012-11-24,4.6,15.4,0,2.30
2012-11-25,5.8,12.8,0,2.30
2012-11-26,7.3,17.2,0,2.29
2012-11-27,6.7,14.2,0,2.28
2012-11-28,8.8,13.5,23.1,2.24
2012-11-29,6.8,13.9,15.2,2.15
2012-11-30,5.3,9.3,6.1,2.14
2012-12-01,3.9,10.9,7.1,2.09
2012-12-02,4.7,8.5,7.9,2.07
2012-12-03,0.4,9.2,0,2.06
2012-12-04,-2,4.6,0,2.05
2012-12-05,-1.4,5.8,4.5,2.03
2012-12-06,-3,6,0.2,2.03
2012-12-07,-2.3,3.2,0.2,2.02
2012-12-08,-3.6,0.3,4.4,2.01
2012-12-09,-5.7,3.6,0.3,2.00
2012-12-10,-6.1,4.9,0,2.00
2012-12-11,-2.6,6.9,0,1.99
2012-12-12,-4.5,4.5,0,1.99
2012-12-13,-6.7,0,0,1.98
2012-12-14,-0.9,0.1,0,1.98
2012-12-15,-0.8,2.5,2.6,1.97
2012-12-16,-1.3,3.9,0.4,1.96
2012-12-17,0.5,3.3,0,1.96
2012-12-18,-0.8,2.9,0,1.95
2012-12-19,-3.7,2.2,0,1.94
2012-12-20,-4.7,1.2,0,1.94
2012-12-21,-1.2,1.7,0.5,1.93
2012-12-22,0.1,3.1,4,1.91
2012-12-23,-0.5,1.5,0,1.90
2012-12-24,-1.3,5.8,0,1.90
2012-12-25,2.5,5.5,0,1.89
2012-12-26,4.5,5.9,0,1.89
2012-12-27,4.2,6,5.6,1.86
2012-12-28,0.1,13.2,0,1.86
2012-12-29,-2.5,9.8,0,1.85
2012-12-30,-2.7,8,0,1.85
2012-12-31,-4.1,8,0,1.84
2013-01-01,-4.1,8.6,0.2,1.84
2013-01-02,1.6,4.1,5,1.83
2013-01-03,0.5,10.4,8.9,1.79
2013-01-04,-1,8.6,0,1.78
2013-01-05,-0.4,12.3,0,1.78
2013-01-06,-2.2,6.3,0.2,1.78
2013-01-07,-0.9,5.8,0.2,1.77
2013-01-08,3,7.5,0.4,1.76
2013-01-09,2.3,7.3,0,1.76
2013-01-10,-0.4,7.7,0,1.76
2013-01-11,-1.4,4.6,0,1.75
2013-01-12,3.6,5.2,0.2,1.75
2013-01-13,1.7,5.3,0,1.74
2013-01-14,1,4,20.8,1.68
2013-01-15,-0.7,5.1,1.8,1.66
2013-01-16,0.9,4.3,8.7,1.65
2013-01-17,0.2,3.6,12.1,1.57
2013-01-18,-1.8,4.8,5.9,1.53
2013-01-19,-2.8,3.1,0,1.53
2013-01-20,1.7,3.9,6.6,1.51
2013-01-21,0.7,5.9,2.8,1.49
2013-01-22,-0.2,5.7,0.2,1.48
2013-01-23,-2.2,8.6,0.3,1.48
2013-01-24,4.3,7,0.7,1.48
2013-01-25,0.1,9.4,0.5,1.47
2013-01-26,-2.8,6.4,0,1.47
2013-01-27,-4.5,7.7,0,1.46
2013-01-28,-0.5,3.1,1.8,1.46
2013-01-29,-0.3,3.6,3.7,1.44
2013-01-30,0.6,3.3,0,1.43
2013-01-31,1.6,4.1,0.2,1.43
2013-02-01,0.5,3.6,0,1.42
2013-02-02,1.5,5.4,0.2,1.42
2013-02-03,-0.8,11.9,32.3,1.32
2013-02-04,-1.1,13.5,0,1.32
2013-02-05,-0.6,9.2,0.2,1.32
2013-02-06,-0.3,10.3,0.8,1.31
2013-02-07,-0.8,8.5,0.2,1.31
2013-02-08,-2.8,9.2,0,1.31
2013-02-09,-2.8,8.1,0,1.31
2013-02-10,-1.7,6.9,0,1.31
2013-02-11,-1.3,2.2,0,1.30
2013-02-12,0.7,3.5,5.8,1.28
2013-02-13,-0.3,3.9,0,1.28
2013-02-14,-2.3,8.8,0.4,1.27
2013-02-15,-3.7,10.2,0,1.27
2013-02-16,-1.7,10.6,0,1.27
2013-02-17,-0.3,9.5,0.2,1.27
2013-02-18,-2,9.6,0,1.27
2013-02-19,-3.9,10.3,0,1.27
2013-02-20,-3.1,6.4,0,1.27
2013-02-21,0.4,3.9,13.7,1.25
2013-02-22,-0.4,0.6,6.7,1.19
2013-02-23,-0.8,2.7,8.2,1.18
2013-02-24,0.2,9.4,17,1.14
2013-02-25,-1.9,8.3,0.2,1.11
2013-02-26,-0.3,9.3,0.4,1.11
2013-02-27,1.5,4.7,0,1.11
2013-02-28,0.3,11.8,0.7,1.11
2013-03-01,-0.8,11.5,0.2,1.11
2013-03-02,-1.4,11.8,0,1.11
2013-03-03,-3.5,14.3,0.2,1.11
2013-03-04,-2,15.4,0,1.11
2013-03-05,0.8,11.8,0.2,1.12
2013-03-06,6.6,9.7,6.6,1.12
2013-03-07,7.4,10.7,8.8,1.07
2013-03-08,7.1,12.1,2.4,1.06
2013-03-09,9.3,15.5,7.9,1.04
2013-03-10,6.8,17,3.4,1.02
2013-03-11,5.3,14,5.6,1.01
2013-03-12,5.1,15.6,0.2,1.01
2013-03-13,6.8,13.4,1.8,1.01
2013-03-14,4,9.3,2.8,1.01
2013-03-15,-0.2,8.8,5,0.99
2013-03-16,-1.6,10,1.3,0.99
2013-03-17,-0.3,11.5,0,0.99
2013-03-18,0.1,7.6,0.9,1.00
2013-03-19,-0.6,17.4,7.4,0.97
2013-03-20,1,14.7,0.2,0.98
2013-03-21,3,16.1,6.3,0.96
2013-03-22,1.1,17.6,0,0.97
2013-03-23,4.8,15.4,0,0.97
2013-03-24,4.3,9.2,11.9,0.96
2013-03-25,2,4.3,12.6,0.92
2013-03-26,2.5,8.3,6.2,0.89
2013-03-27,2.2,9.6,2.6,0.89
2013-03-28,3.3,9,0,0.90
2013-03-29,5.5,10.9,0.8,0.90
2013-03-30,7.5,9.1,0,0.90
2013-03-31,5.9,15.5,20.3,0.83
2013-04-01,6.2,13.3,0,0.84
2013-04-02,6.6,11,11.4,0.84
2013-04-03,5,13.1,1.8,0.81
2013-04-04,3.6,13.7,0,0.82
2013-04-05,6,10,20.2,0.81
2013-04-06,3.2,16.5,3,0.76
2013-04-07,7.5,15,0,0.77
2013-04-08,5.4,12.7,0,0.78
2013-04-09,6.6,14.4,2.8,0.78
2013-04-10,6.7,17.3,1.2,0.78
2013-04-11,3.1,20,0,0.79
2013-04-12,8.6,23.2,0,0.81
2013-04-13,7.5,22.3,0,0.82
2013-04-14,6.7,23.1,0,0.83
2013-04-15,7,22.8,0,0.85
2013-04-16,8,23.2,0,0.86
2013-04-17,9.1,24.6,0,0.87
2013-04-18,8.4,26.9,0,0.89
2013-04-19,10.1,25.6,0,0.91
2013-04-20,11.8,20.1,0.2,0.92
2013-04-21,10.7,17,1,0.92
2013-04-22,8.2,17.5,1.3,0.93
2013-04-23,6.6,19.2,10.3,0.91
2013-04-24,4.8,21.9,0,0.92
2013-04-25,7.8,23.8,0,0.93
2013-04-26,11.3,22,0,0.95
2013-04-27,11.3,18.1,0,0.96
2013-04-28,13.3,24.7,1.8,0.96
2013-04-29,12.5,22.3,1.8,0.98
2013-04-30,13,22.2,0.8,0.98
2013-05-01,13.5,25.5,1,0.99
2013-05-02,12.1,19.7,0.6,1.01
2013-05-03,11.1,26.7,0.2,1.02
2013-05-04,12.4,26.1,0.1,1.03
2013-05-05,14.5,24,0,1.05
2013-05-06,15.1,22.2,6.9,1.04
2013-05-07,14.7,24.2,6.2,1.06
2013-05-08,13.1,24.2,1.6,1.06
2013-05-09,12.1,26.8,0,1.07
2013-05-10,14,23.6,0,1.08
2013-05-11,14.1,22.5,4.7,1.08
2013-05-12,11.7,22.9,0,1.09
2013-05-13,9.3,22.2,1,1.09
2013-05-14,7.6,23.8,0,1.10
2013-05-15,11.1,25.2,0,1.12
2013-05-16,14.7,22.1,13.3,1.12
2013-05-17,11.6,20.4,4.3,1.08
2013-05-18,9.4,22.5,9.9,1.06
2013-05-19,10,22.7,0.4,1.08
2013-05-20,6.3,22.5,0.4,1.08
2013-05-21,7.3,22.9,3.3,1.09
2013-05-22,11,22.1,0,1.10
2013-05-23,12.7,22.9,2.7,1.11
2013-05-24,5.4,16.1,1,1.11
2013-05-25,4.2,14.7,1.6,1.11
2013-05-26,8.6,21.9,7.8,1.10
2013-05-27,5.6,23.6,0,1.11
2013-05-28,9.8,23,0,1.12
2013-05-29,11.9,23.7,0,1.13
2013-05-30,9,20.6,0,1.15
2013-05-31,11.4,22.3,0.8,1.15
2013-06-01,12.2,22.7,0.5,1.16
2013-06-02,12.4,25.1,0,1.17
2013-06-03,11.3,24.3,0,1.18
2013-06-04,11.6,26.4,0,1.20
2013-06-05,14.6,26.7,1,1.21
2013-06-06,14.7,26.3,19.3,1.16
2013-06-07,12.5,29.6,0,1.17
2013-06-08,13.7,29.4,0,1.19
2013-06-09,14.2,27.3,0,1.20
2013-06-10,13,23.8,1,1.21
2013-06-11,12,28.2,0,1.22
2013-06-12,16.6,29.7,0,1.24
2013-06-13,15.1,28.3,0,1.25
2013-06-14,13,29.9,0,1.27
2013-06-15,16.8,31.9,0,1.29
2013-06-16,18.5,33.6,0,1.30
2013-06-17,18.5,35.1,0,1.32
2013-06-18,19.4,34.7,0,1.34
2013-06-19,19.8,34.5,0,1.36
2013-06-20,18.5,35.2,0,1.38
2013-06-21,17.2,32.2,0,1.40
2013-06-22,14.4,31.2,0,1.41
2013-06-23,14.7,31.2,0,1.43
2013-06-24,14.1,24.8,0,1.45
2013-06-25,11.5,28.8,0.6,1.45
2013-06-26,13.8,24.1,14.6,1.46
2013-06-27,13.4,24.2,0,1.43
2013-06-28,11.1,21,16.6,1.40
2013-06-29,10.2,24.8,0,1.40
2013-06-30,10.9,29.1,0,1.42
2013-07-01,13.2,29,0,1.43
2013-07-02,14.3,32,0,1.45
2013-07-03,15.8,31.7,0,1.46
2013-07-04,17.2,31.1,0,1.48
2013-07-05,16.3,32.9,0,1.56
2013-07-06,19,32.2,0,1.64
2013-07-07,17.7,30.9,0,1.71
2013-07-08,17.5,31,0,1.79
2013-07-09,16.8,32.6,0,1.87
2013-07-10,17.6,32.4,0,1.94
2013-07-11,18.7,32.2,0,2.02
2013-07-12,18.1,31,22.8,2.10
2013-07-13,18.7,30.6,0,2.13
2013-07-14,16.1,30,3.4,2.19
2013-07-15,16.6,32,0,2.27
2013-07-16,18.5,30.3,0,2.21
2013-07-17,17.6,30,0,2.14
2013-07-18,14.8,31.1,0,2.07
2013-07-19,16.1,32.1,0,2.01
2013-07-20,17.7,32.6,0,1.94
2013-07-21,16.6,31.8,0,1.88
2013-07-22,16.8,32.9,0,1.81
2013-07-23,16.3,34.6,0,1.75
2013-07-24,18.5,34.2,0,1.69
2013-07-25,18.2,35,0,1.62
2013-07-26,20.5,35.6,0,1.68
2013-07-27,20.8,37,0,1.74
2013-07-28,21.8,38.8,0,1.81
2013-07-29,17.1,30.4,0,1.87
2013-07-30,15.8,31.8,2.3,1.92
2013-07-31,15.4,32.8,0,1.98
2013-08-01,16.6,33.9,0,2.04
2013-08-02,17.2,35.9,0,2.10
2013-08-03,18,38.6,0,2.16
2013-08-04,21.8,37.3,0,2.23
2013-08-05,20.9,37.6,0,2.29
2013-08-06,20.9,37.9,0,2.35
2013-08-07,20.4,39.4,0,2.38
2013-08-08,21.1,35.7,0,2.40
2013-08-09,19.3,32.7,0.2,2.43
2013-08-10,18.8,31,0.1,2.45
2013-08-11,16.9,31.6,0,2.47
2013-08-12,15.4,33.5,0,2.49
2013-08-13,17.3,35.2,0,2.51
2013-08-14,16.6,24.2,0.4,2.54
2013-08-15,15,28.4,0.1,2.54
2013-08-16,14,30.3,0,2.55
2013-08-17,14,33.1,0,2.57
2013-08-18,16.1,33.9,0,2.60
2013-08-19,18.2,33.8,0,2.62
2013-08-20,16.9,22.7,11.1,2.57
2013-08-21,14.4,27.6,0,2.51
2013-08-22,15.1,29.4,0,2.47
2013-08-23,15.3,30.7,0,2.44
2013-08-24,17.6,30.6,15.2,2.38
2013-08-25,17.4,27.6,4.2,2.35
2013-08-26,16.9,26.3,0.3,2.30
2013-08-27,16.6,27.3,13.8,2.22
2013-08-28,15.7,28.2,12.3,2.14
2013-08-29,15.4,27.3,0,2.11
2013-08-30,14.2,28,0,2.13
2013-08-31,13.2,28.5,0,2.15
2013-09-01,13.4,28.8,0,2.17
2013-09-02,16.5,28.6,0,2.19
2013-09-03,15.6,31.5,0,2.21
2013-09-04,15.8,30.3,0,2.23
2013-09-05,16.3,30.7,0,2.25
2013-09-06,16.7,31,0,2.27
2013-09-07,16.6,31.1,0,2.29
2013-09-08,18.5,31.1,0,2.31
2013-09-09,15.3,31.8,0,2.33
2013-09-10,13.1,29,0,2.35
2013-09-11,13.4,24.2,1.1,2.37
2013-09-12,12.8,24.1,5.8,2.36
2013-09-13,11.3,26.4,0,2.38
2013-09-14,11.3,27.5,0,2.40
2013-09-15,12.6,24.7,0,2.41
2013-09-16,15.9,25.2,3.8,2.42
2013-09-17,12.9,22.7,0,2.43
2013-09-18,8.7,25.2,0,2.45
2013-09-19,11.2,25.9,0,2.46
2013-09-20,12.1,26.4,0,2.48
2013-09-21,13.1,26.1,0,2.49
2013-09-22,11.4,24.8,0,2.51
2013-09-23,10.2,27.7,0,2.52
2013-09-24,11.2,28.7,0,2.54
2013-09-25,12.9,28.1,0,2.56
2013-09-26,12.2,28.3,0,2.57
2013-09-27,18.1,28.6,0,2.59
2013-09-28,17.6,27.2,0,2.60
2013-09-29,14.9,20.3,2,2.61
2013-09-30,13.4,15.5,15.7,2.56
2013-10-01,9.7,22.9,0,2.57
2013-10-02,12.5,22.2,0,2.58
2013-10-03,9.7,17.9,0,2.59
2013-10-04,11.3,17.2,0,2.60
2013-10-05,10,12.9,5.7,2.61
2013-10-06,11.8,15.7,8.9,2.59
2013-10-07,13.3,16.9,21.3,2.52
2013-10-08,13.1,14.3,18,2.44
2013-10-09,11,19,6.8,2.43
2013-10-10,11.3,22.4,0.2,2.44
2013-10-11,8.3,18.1,0,2.45
2013-10-12,11.4,20.2,0.2,2.46
2013-10-13,6.9,21.3,0,2.47
2013-10-14,8.9,14.8,0,2.48
2013-10-15,9.9,16.8,3.6,2.48
2013-10-16,9.5,21,0,2.49
2013-10-17,7.1,21.2,0,2.50
2013-10-18,7.1,19.4,0.2,2.51
2013-10-19,10.6,18.6,0,2.52
2013-10-20,13.4,19.3,0,2.52
2013-10-21,14.7,17.8,10.9,2.50
2013-10-22,13.7,17.4,0,2.50
2013-10-23,14.5,22.6,0,2.51
2013-10-24,15.7,22.4,25,2.49
2013-10-25,14.9,19.3,0,2.43
2013-10-26,16.1,21.5,0,2.43
2013-10-27,14.3,21,0,2.42
2013-10-28,14.1,24.4,0.2,2.42
2013-10-29,15.2,23.4,0.2,2.41
2013-10-30,15.3,19.4,0.2,2.41
2013-10-31,9.1,19.8,0,2.40
2013-11-01,6.8,19.8,0,2.40
2013-11-02,9.7,17.7,0,2.39
2013-11-03,10.5,22.4,0,2.39
2013-11-04,8.8,16,0.2,2.38
2013-11-05,7.2,15.8,7.6,2.36
2013-11-06,7,20.4,0.2,2.35
2013-11-07,6.9,17.8,0.2,2.34
2013-11-08,11.9,18.3,0,2.33
2013-11-09,8.6,17,0.2,2.33
2013-11-10,6.7,17.5,0,2.32
2013-11-11,9.4,14.6,4.7,2.30
2013-11-12,7.3,16.1,1.9,2.29
2013-11-13,7.5,17.3,0,2.28
2013-11-14,9.7,12.3,0,2.27
2013-11-15,9.1,12,14.3,2.25
2013-11-16,7.8,13.8,8.3,2.19
2013-11-17,6,12.3,0,2.18
2013-11-18,10,12.9,0,2.17
2013-11-19,10.8,14.9,0.8,2.16
2013-11-20,6.9,15.7,0.6,2.15
2013-11-21,5.1,12.6,0,2.14
2013-11-22,2.6,12.4,3,2.12
2013-11-23,6.4,9.9,8.5,2.11
2013-11-24,5.2,10.4,8,2.04
2013-11-25,0,11.9,0.6,2.02
2013-11-26,-3.1,8.7,0,2.02
2013-11-27,-2.8,5.2,0,2.01
2013-11-28,-2.1,8,0,2.00
2013-11-29,-3.3,8.4,0,1.99
2013-11-30,-2,6.7,0,1.99
2013-12-01,0.1,10.9,0.2,1.98
2013-12-02,0.3,14,0,1.97
2013-12-03,-1.6,10.3,0,1.96
2013-12-04,-3.2,9.9,0,1.95
2013-12-05,-4.4,9.3,0.2,1.95
2013-12-06,-1.9,12.2,0,1.94
2013-12-07,-2.9,9.4,0.2,1.93
2013-12-08,-3.2,7.5,0,1.92
2013-12-09,-2,4.7,0.2,1.91
2013-12-10,-1.7,5.1,0.4,1.90
2013-12-11,-1.5,2.5,0,1.89
2013-12-12,-0.4,3.9,0.2,1.88
2013-12-13,-2.2,8.9,0,1.87
2013-12-14,-3.9,10,0.2,1.86
2013-12-15,-2.4,8.6,0.2,1.86
2013-12-16,-3.6,9.9,0,1.85
2013-12-17,-3.6,9.9,0.2,1.84
2013-12-18,-5.4,7.6,0,1.83
2013-12-19,-5.2,6.4,0.2,1.82
2013-12-20,0.4,6.5,0.4,1.81
2013-12-21,4.3,8.6,0.4,1.80
2013-12-22,2.1,8.2,0.2,1.79
2013-12-23,5.4,8.7,0,1.78
2013-12-24,3.5,5.5,0.2,1.77
2013-12-25,3.3,15,0,1.76
2013-12-26,3.7,14,2.7,1.75
2013-12-27,2,11.2,3.4,1.73
2013-12-28,0.1,12,0,1.73
2013-12-29,4.9,9,0.8,1.72
2013-12-30,3.4,10.7,1.1,1.70
2013-12-31,0.1,8.9,0,1.69
2014-01-01,-1.7,8.8,0,1.69
2014-01-02,-0.2,5.5,0.2,1.68
2014-01-03,4,6.4,0.6,1.67
2014-01-04,4.7,11.3,0.6,1.66
2014-01-05,5.7,7.8,12.6,1.63
2014-01-06,2.6,13.1,1.4,1.60
2014-01-07,1.3,10.1,0.2,1.59
2014-01-08,0.9,10.9,0,1.58
2014-01-09,2.1,11.9,0.2,1.58
2014-01-10,0.7,9.7,0.2,1.57
2014-01-11,6.6,11,0,1.56
2014-01-12,6.7,10.3,0,1.55
2014-01-13,6.4,8.9,0,1.54
2014-01-14,2.1,12,2.7,1.53
2014-01-15,-0.5,7.4,0.2,1.52
2014-01-16,-0.4,5.4,0,1.51
2014-01-17,4.7,11.7,0.2,1.50
2014-01-18,4.5,6.6,12,1.49
2014-01-19,5.6,8.2,4.2,1.45
2014-01-20,6.5,9.3,5.7,1.42
2014-01-21,6.3,12.3,0,1.41
2014-01-22,3.3,13.6,0,1.40
2014-01-23,1.7,12.3,0,1.39
2014-01-24,3.8,7.1,7.4,1.37
2014-01-25,-0.1,11.1,2.2,1.35
2014-01-26,-0.7,9.5,0,1.34
2014-01-27,1.9,6.7,0.2,1.34
2014-01-28,0.1,3.9,14,1.30
2014-01-29,-1.8,9.4,3.5,1.26
2014-01-30,3.7,6.7,5.6,1.25
2014-01-31,3,5.6,14.5,1.19
2014-02-01,4.9,8.5,5.9,1.16
2014-02-02,6.7,8.4,0.2,1.14
2014-02-03,6.9,10.3,15.1,1.10
2014-02-04,5.5,8.4,4.5,1.07
2014-02-05,5.4,9.4,1.1,1.05
2014-02-06,3,11.6,4.4,1.04
2014-02-07,1.8,15,0,1.02
2014-02-08,3.2,12.7,0.4,1.02
2014-02-09,3.1,11.5,3.9,1.02
2014-02-10,3.6,9.2,0.9,0.99
2014-02-11,5.1,9.6,16.1,0.96
2014-02-12,2.9,12.8,0,0.93
2014-02-13,0.3,13.2,0,0.92
2014-02-14,3.9,14.9,0,0.92
2014-02-15,3.3,14.2,0,0.92
2014-02-16,2.8,12.4,0.2,0.91
2014-02-17,4.1,14.4,0.6,0.91
2014-02-18,3.3,13.1,0.2,0.91
2014-02-19,8.2,12,0.2,0.90
2014-02-20,8,9.1,15.4,0.87
2014-02-21,6.9,15.5,6.2,0.83
2014-02-22,3,10.8,3.8,0.82
2014-02-23,0,15,1.3,0.80
2014-02-24,1.1,13.9,0.2,0.80
2014-02-25,-0.1,15.7,0,0.80
2014-02-26,3.5,14.5,0,0.80
2014-02-27,2.9,13.7,1.9,0.79
2014-02-28,2.1,14.3,0,0.79
2014-03-01,4.3,13,0,0.79
2014-03-02,5.2,10.1,6.7,0.79
2014-03-03,3.6,15,3.6,0.75
2014-03-04,7.4,9.7,6,0.75
2014-03-05,6.2,15.1,22.8,0.66
2014-03-06,5.5,16.6,1,0.66
2014-03-07,4.7,17.3,0,0.66
2014-03-08,3.8,15.9,0,0.68
2014-03-09,1.7,17.3,0,0.71
2014-03-10,2.6,15.4,0,0.73
2014-03-11,3,14.9,0,0.75
2014-03-12,1.1,17.9,0,0.78
2014-03-13,1.8,19.8,0,0.80
2014-03-14,2.4,19.6,0,0.83
2014-03-15,1.7,20.2,0,0.85
2014-03-16,5.9,16.8,0,0.88
2014-03-17,4.2,21.1,0.2,0.90
2014-03-18,6.4,16.9,0,0.93
2014-03-19,6.1,21,0.2,0.95
2014-03-20,6.3,19.4,0.2,0.97
2014-03-21,6.1,20.2,0.2,0.99
2014-03-22,6.5,20.5,0,1.01
2014-03-23,7,18.4,3.2,1.03
2014-03-24,3.5,10,1.9,1.04
2014-03-25,0.9,13.9,3.7,1.05
2014-03-26,5.6,12.8,0,1.07
2014-03-27,8.7,15.7,1.3,1.08
2014-03-28,6.4,19.8,0.8,1.07
2014-03-29,5.2,20.4,0,1.06
2014-03-30,4.7,21.7,0,1.05
2014-03-31,4.9,23.1,0,1.04
2014-04-01,7.8,21.7,0,1.04
2014-04-02,6.3,21.1,0,1.03
2014-04-03,9.9,18.4,0,1.04
2014-04-04,11.5,15.2,0,1.05
2014-04-05,11,16.7,13,1.02
2014-04-06,10.3,22.8,0.8,1.03
2014-04-07,9.8,24,0,1.04
2014-04-08,9.5,25.3,0,1.05
2014-04-09,9.4,19.3,0,1.07
2014-04-10,6.9,22.6,0,1.08
2014-04-11,7.4,19.8,0,1.09
2014-04-12,10,19.4,0,1.11
2014-04-13,8.7,18.8,0,1.12
2014-04-14,6,24.5,0.2,1.13
2014-04-15,8.7,18.2,0,1.14
2014-04-16,5.1,17.8,0.2,1.14
2014-04-17,3.6,19.2,0,1.15
2014-04-18,5,21.1,0,1.15
2014-04-19,9.8,17.6,0,1.16
2014-04-20,7.2,20.9,0.2,1.17
2014-04-21,11,20.4,0.2,1.17
2014-04-22,10.1,21.4,3.3,1.16
2014-04-23,9.2,22.9,0,1.17
2014-04-24,11.2,26.4,0,1.18
2014-04-25,9.4,25.7,0,1.19
2014-04-26,12.6,25.8,0,1.20
2014-04-27,12.9,21.7,0,1.21
2014-04-28,10.9,13.7,13.6,1.19
2014-04-29,10.5,21,10.4,1.13
2014-04-30,10.3,21.9,0.1,1.16
2014-05-01,11.5,23.2,2.4,1.18
2014-05-02,11.3,16.5,0.8,1.22
2014-05-03,11.6,20,16.2,1.19
2014-05-04,10.2,20.1,0.8,1.22
2014-05-05,6.8,19.9,0,1.26
2014-05-06,7.5,23.6,0,1.29
2014-05-07,9.4,22.8,0,1.33
2014-05-08,10.7,23.1,0,1.35
2014-05-09,9.4,26.7,0.4,1.36
2014-05-10,11.9,27.8,0,1.38
2014-05-11,12.9,25.7,0,1.40
2014-05-12,10.2,23,0,1.41
2014-05-13,8,20.4,0,1.43
2014-05-14,6.7,24.5,0,1.44
2014-05-15,5.8,23,0,1.51
2014-05-16,12.5,23.7,0,1.58
2014-05-17,9.6,24.1,0,1.64
2014-05-18,7.9,25.7,0,1.71
2014-05-19,8.4,23.5,0,1.78
2014-05-20,12,26,0,1.85
2014-05-21,11.1,27.4,0,1.92
2014-05-22,14.1,28.7,0,1.99
2014-05-23,14.3,27.6,0,2.06
2014-05-24,10.2,27.2,0,2.13
2014-05-25,9.5,26.7,0,2.20
2014-05-26,14.2,23.6,2,2.27
2014-05-27,12.2,24.3,4,2.30
2014-05-28,11.7,25,0,2.37
2014-05-29,11.5,25.1,3.7,2.40
2014-05-30,11.5,26.8,1.9,2.43
2014-05-31,11.5,21.9,21.5,2.41
2014-06-01,9.5,24.9,0,2.44
2014-06-02,10,25,0,2.48
2014-06-03,11.5,25.6,0,2.51
2014-06-04,13.4,26.6,0.6,2.50
2014-06-05,13.8,28,0,2.51
2014-06-06,13.1,29.5,0,2.51
2014-06-07,15,31.3,0,2.52
2014-06-08,15.6,33.1,0,2.52
2014-06-09,15.9,33.1,0.3,2.53
2014-06-10,14.7,34,0.5,2.54
2014-06-11,16.5,35.1,0.4,2.54
2014-06-12,17.5,35.6,0,2.55
2014-06-13,18.3,33.7,0,2.56
2014-06-14,17.7,27.4,10.7,2.58
2014-06-15,17.3,23.5,0.9,2.57
2014-06-16,15.2,22.3,0.2,2.58
2014-06-17,12.7,25.2,0,2.59
2014-06-18,11.2,26.1,0,2.61
2014-06-19,12.3,28.6,0,2.63
2014-06-20,13.5,30.5,0,2.66
2014-06-21,16.9,27.6,0,2.68
2014-06-22,15.3,31.5,0,2.70
2014-06-23,18.5,31.4,0,2.73
2014-06-24,17,31.4,0.2,2.75
2014-06-25,18.5,24.7,0,2.73
2014-06-26,16.5,24.9,1.8,2.70
2014-06-27,16.2,28.8,8.3,2.66
2014-06-28,15.4,30.3,0,2.64
2014-06-29,16,28.3,0,2.62
2014-06-30,15,27.7,17,2.57
2014-07-01,15.1,27.8,0,2.55
2014-07-02,15.4,30.3,0,2.56
2014-07-03,15.5,28.8,0,2.57
2014-07-04,13,28,0,2.59
2014-07-05,16.3,30.2,0,2.60
2014-07-06,17.4,31.8,0,2.61
2014-07-07,18,32.8,0,2.62
2014-07-08,15.9,27.8,1.6,2.64
2014-07-09,15.3,27.7,6,2.63
2014-07-10,14.5,22.8,14.7,2.63
2014-07-11,12.8,28.4,6.9,2.58
2014-07-12,16,28.6,0,2.59
2014-07-13,17.6,27.7,1.2,2.60
2014-07-14,16.2,26.9,0,2.61
2014-07-15,15.2,30.3,9.3,2.60
2014-07-16,16.9,32.6,0,2.61
2014-07-17,18.1,33.1,0,2.63
2014-07-18,18.2,32.5,0,2.64
2014-07-19,16.2,33.8,0,2.65
2014-07-20,19.2,34.7,0,2.67
2014-07-21,16.9,26.8,0.4,2.68
2014-07-22,16.8,28.5,4.1,2.67
2014-07-23,19.6,29.8,0,2.68
2014-07-24,16.9,22.9,0,2.69
2014-07-25,15.4,29.8,0.8,2.69
2014-07-26,16.7,26.2,0.4,2.70
2014-07-27,17.6,27.8,27,2.65
2014-07-28,16.6,30.8,0.2,2.65
2014-07-29,18.7,28.8,0,2.65
2014-07-30,16.8,23.3,14.1,2.65
2014-07-31,17.7,27,9,2.55
2014-08-01,18,30,0,2.56
2014-08-02,18.1,31.5,0,2.57
2014-08-03,17.2,30.5,0,2.58
2014-08-04,16.6,30.2,13.6,2.55
2014-08-05,17.8,28.4,15.7,2.56
2014-08-06,16,30.3,0,2.52
2014-08-07,16,31.3,0,2.53
2014-08-08,16.3,31.2,0,2.54
2014-08-09,18.8,32.5,0,2.55
2014-08-10,19.3,33,0,2.56
2014-08-11,19,33.5,0,2.57
2014-08-12,19.5,33.5,0,2.58
2014-08-13,19.1,32,0,2.59
2014-08-14,16.9,29.4,3.1,2.59
2014-08-15,15.1,27.8,16.2,2.57
2014-08-16,14.5,23.1,6.1,2.57
2014-08-17,12.4,26.3,6.4,2.53
2014-08-18,13.3,28.4,0,2.54
2014-08-19,14.9,27.8,0,2.56
2014-08-20,16.4,27.5,0.6,2.57
2014-08-21,17.5,28.1,0,2.59
2014-08-22,16.1,28.5,0,2.61
2014-08-23,15.4,22.4,0,2.63
2014-08-24,15.1,26.3,2.3,2.64
2014-08-25,16.4,25.6,6.6,2.64
2014-08-26,15.5,26.3,0,2.66
2014-08-27,17.7,29.4,0,2.67
2014-08-28,16.6,26.6,0,2.69
2014-08-29,14.4,29.6,0,2.70
2014-08-30,15.1,30.5,0,2.71
2014-08-31,16.1,29.2,0,2.73
2014-09-01,14.4,21.9,5.8,2.73
2014-09-02,13.4,22.2,0.5,2.73
2014-09-03,15.8,21.6,1.6,2.74
2014-09-04,16.5,23.2,0.4,2.74
2014-09-05,17.6,26.3,0.2,2.75
2014-09-06,16.1,28.1,0,2.76
2014-09-07,15.3,28.3,0.1,2.77
2014-09-08,15,28.7,0,2.78
2014-09-09,16.2,29.7,0,2.79
2014-09-10,17.4,25.4,18.6,2.76
2014-09-11,15.2,23.2,6.6,2.74
2014-09-12,12.5,22.1,2,2.73
2014-09-13,10.9,24.7,0.2,2.73
2014-09-14,13.5,25.4,0,2.74
2014-09-15,12.8,26.5,0,2.75
2014-09-16,14,26.8,0,2.76
2014-09-17,12.9,25.4,0,2.77
2014-09-18,12.7,23.8,0,2.79
2014-09-19,15.9,23,0,2.80
2014-09-20,16.6,23,12.3,2.81
2014-09-21,14.9,27.2,0.2,2.78
2014-09-22,13.1,26,0,2.79
2014-09-23,9.8,23.1,0,2.81
2014-09-24,8.1,22.2,0,2.82
2014-09-25,11.8,23.1,0,2.83
2014-09-26,10,23.7,0,2.84
2014-09-27,10.8,25,0,2.85
2014-09-28,11.7,25.8,0,2.87
2014-09-29,11,25.5,0,2.88
2014-09-30,10.7,26.6,0.2,2.89
2014-10-01,16,20.1,0,2.90
2014-10-02,14.2,24.2,10,2.87
2014-10-03,12.2,24.2,0,2.88
2014-10-04,10.4,23.8,0,2.89
2014-10-05,9.8,23.7,0.2,2.91
2014-10-06,9.7,22,0,2.91
2014-10-07,9.3,22.8,2.3,2.92
2014-10-08,14.5,27,0,2.93
2014-10-09,12.6,21.8,0,2.94
2014-10-10,17.4,25.9,0.2,2.95
2014-10-11,16.2,27.3,0,2.95
2014-10-12,16,23.1,28.6,2.90
2014-10-13,16.7,26.8,0.2,2.90
2014-10-14,14.8,22.4,5.1,2.89
2014-10-15,16.5,20.8,5.3,2.89
2014-10-16,14.2,24.8,0.2,2.89
2014-10-17,15.4,25.6,0,2.89
2014-10-18,16.6,24.8,0,2.90
2014-10-19,16,24.1,0.2,2.90
2014-10-20,16.7,21.3,0.2,2.91
2014-10-21,16.8,24.9,0,2.91
2014-10-22,10.5,19.7,0,2.92
2014-10-23,9.3,18.9,0,2.92
2014-10-24,11.2,22.8,0,2.92
2014-10-25,6.5,17.8,0,2.93
2014-10-26,4.5,18.1,0,2.93
2014-10-27,3.8,16.5,0,2.93
2014-10-28,4.1,16.2,0,2.94
2014-10-29,1.9,16.1,0,2.94
2014-10-30,1.8,16.8,0,2.94
2014-10-31,1.4,16.9,0,2.95
2014-11-01,3.2,18.9,0,2.95
2014-11-02,3.2,20.4,0,2.95
2014-11-03,4.1,20.6,0,2.95
2014-11-04,10.3,22.3,0,2.96
2014-11-05,14.9,18.8,0.1,2.96
2014-11-06,13.3,16.5,13.2,2.92
2014-11-07,12.1,14.1,4.9,2.91
2014-11-08,12.8,15.4,0.2,2.90
2014-11-09,13.2,17.1,0.8,2.90
2014-11-10,13.1,16,0.2,2.90
2014-11-11,12.5,17.7,6.4,2.88
2014-11-12,12.5,20.1,0.2,2.88
2014-11-13,13.4,15.7,0.2,2.88
2014-11-14,10.2,17.3,5,2.86
2014-11-15,10.3,16.6,0.2,2.86
2014-11-16,8.3,16.8,1.4,2.86
2014-11-17,6.9,12.5,0,2.86
2014-11-18,6.5,15.4,15.4,2.80
2014-11-19,2.8,13.7,0,2.79
2014-11-20,1.8,12.3,0.2,2.77
2014-11-21,1.3,9.2,0.2,2.76
2014-11-22,5.5,11.5,0,2.75
2014-11-23,8.8,12.1,0,2.73
2014-11-24,4.7,15,0,2.72
2014-11-25,5.5,11.1,0.2,2.71
2014-11-26,7.3,9.4,2.4,2.69
2014-11-27,7.1,8.4,3.5,2.66
2014-11-28,7.4,10.1,1.8,2.64
2014-11-29,9.4,12.3,0.2,2.63
2014-11-30,11.2,12.4,0.8,2.61
2014-12-01,10.3,15.7,3.4,2.59
2014-12-02,9,10.8,0.8,2.56
2014-12-03,7.6,16,3,2.55
2014-12-04,7.9,10.9,17.7,2.48
2014-12-05,8.1,9.7,8.2,2.46
2014-12-06,9,11.7,1.1,2.42
2014-12-07,7,11.2,5.5,2.40
2014-12-08,4.9,13.2,0,2.38
2014-12-09,3.5,11.6,0,2.37
2014-12-10,0.7,10.3,0.2,2.36
2014-12-11,-0.4,9.1,0,2.34
2014-12-12,-0.9,9.8,0,2.33
2014-12-13,-0.5,8.7,0.2,2.32
2014-12-14,3.7,8.1,0,2.30
2014-12-15,6.2,8.3,0.2,2.29
2014-12-16,7,9.4,2.5,2.28
2014-12-17,6.1,11.6,1.2,2.24
2014-12-18,1.8,6.9,0.8,2.23
2014-12-19,3.5,5.8,0.2,2.22
2014-12-20,2,7.8,0,2.20
2014-12-21,5,6.4,0.2,2.19
2014-12-22,2.9,5.4,0,2.18
2014-12-23,2,3.7,0,2.16
2014-12-24,1.8,4.5,0.2,2.15
2014-12-25,3,8.3,0.2,2.13
2014-12-26,-1,8.6,0,2.12
2014-12-27,-2.9,4.9,0,2.11
2014-12-28,0.1,2.5,9.4,2.07
2014-12-29,-2.9,6.8,2.5,2.05
2014-12-30,-4.7,5.5,0.2,2.04
2014-12-31,-3.4,3.2,0.2,2.03
2015-01-01,-4.5,4,0.2,2.01
2015-01-02,-2.4,6.7,0,2.00
2015-01-03,-1.6,9.2,0,1.99
2015-01-04,-0.5,9.9,0,1.98
2015-01-05,-2.9,11.6,0.2,1.96
2015-01-06,-3.5,7.7,0,1.95
2015-01-07,-3,8.3,0,1.94
2015-01-08,-1.8,9.9,0.2,1.93
2015-01-09,-2.2,8.6,0,1.92
2015-01-10,-1.7,7.2,0.2,1.90
2015-01-11,-1.5,4.1,0.2,1.89
2015-01-12,-1.1,12.9,0.2,1.88
2015-01-13,-4.7,11.6,0,1.87
2015-01-14,-2.1,10.3,0,1.86
2015-01-15,-3.2,8.9,0,1.84
2015-01-16,-0.7,14.3,0.2,1.83
2015-01-17,2.5,16.4,0.2,1.82
2015-01-18,-1.8,13.1,0,1.81
2015-01-19,-2.8,9.2,0,1.80
2015-01-20,-0.8,5.2,0.2,1.79
2015-01-21,4.2,7.4,1.2,1.78
2015-01-22,4.8,7.4,1.4,1.76
2015-01-23,3.3,9.3,2.6,1.73
2015-01-24,3.3,11.1,0.4,1.72
2015-01-25,1.8,11.3,0,1.71
2015-01-26,-1.6,10.2,0,1.70
2015-01-27,-3.2,5.6,0,1.69
2015-01-28,-3.5,10.1,0,1.68
2015-01-29,-3.2,5.4,0.2,1.67
2015-01-30,-1.1,6.6,6.6,1.66
2015-01-31,-4.2,8.5,0.2,1.63
2015-02-01,-1.2,8.2,8.9,1.62
2015-02-02,-3.6,8.7,0,1.58
2015-02-03,-2.3,7.4,0.2,1.57
2015-02-04,3.9,7.9,0,1.56
2015-02-05,2.6,6,11.9,1.55
2015-02-06,1.5,5.7,46.3,1.44
2015-02-07,0.1,6.3,7.3,1.33
2015-02-08,-1.6,5.9,0.2,1.31
2015-02-09,-4.1,7.9,0.2,1.30
2015-02-10,-3.2,10.9,0,1.29
2015-02-11,-1.8,10,0,1.28
2015-02-12,-2.5,9.4,0.2,1.28
2015-02-13,0.3,8.6,0,1.27
2015-02-14,4,12,0,1.26
2015-02-15,3.9,11.3,0,1.25
2015-02-16,5,11.9,1.6,1.24
2015-02-17,1,12.9,1.5,1.22
2015-02-18,-1.9,11.4,0,1.22
2015-02-19,-2.8,12.1,0.2,1.21
2015-02-20,-4,12.1,0,1.20
2015-02-21,0.1,14.8,0,1.20
2015-02-22,7,8.5,6.9,1.19
2015-02-23,5.7,14,3.8,1.14
2015-02-24,4.7,9.9,0,1.14
2015-02-25,5.9,9.8,20.9,1.09
2015-02-26,5.8,11.5,0.2,1.06
2015-02-27,4.6,13,0,1.05
2015-02-28,2.3,13.8,0,1.05
2015-03-01,0.1,14.7,0,1.04
2015-03-02,5.2,13.4,0,1.04
2015-03-03,0.7,13.3,0,1.03
2015-03-04,2.1,13.5,0.2,1.03
2015-03-05,3,12,14.1,0.98
2015-03-06,-0.4,12.9,0,0.97
2015-03-07,-1.6,13.2,0,0.97
2015-03-08,-0.5,12.8,0,0.96
2015-03-09,-1.6,11.6,0,0.96
2015-03-10,-0.3,14.8,0,0.96
2015-03-11,1.2,18,0,0.95
2015-03-12,1.5,14.7,0,0.95
2015-03-13,-0.9,14.8,0,0.95
2015-03-14,1.3,14.2,0,0.94
2015-03-15,4.9,14.2,0,0.94
2015-03-16,8,9.9,8.1,0.92
2015-03-17,5.7,15,35.3,0.86
2015-03-18,4.1,16.4,0.2,0.85
2015-03-19,1.6,16.4,0,0.87
2015-03-20,1.3,15.9,0,0.90
2015-03-21,6,16,0,0.92
2015-03-22,7.9,15,0.2,0.94
2015-03-23,5.3,16.4,0.2,0.96
2015-03-24,3.1,16.4,0,0.99
2015-03-25,10.3,12.2,3.5,1.01
2015-03-26,8.2,14.3,31.4,0.91
2015-03-27,4.8,15.1,2.4,0.90
2015-03-28,2.9,18,3.9,0.88
2015-03-29,3.5,18.7,0,0.89
2015-03-30,4.9,23.1,0,0.89
2015-03-31,6.1,23,0,0.90
2015-04-01,5.3,19.9,0.2,0.90
2015-04-02,2,20,0,0.90
2015-04-03,4.3,15.1,0,0.91
2015-04-04,6.7,9.4,1.6,0.91
2015-04-05,4.9,12.9,18.7,0.86
2015-04-06,-0.1,13.9,0,0.85
2015-04-07,0,15.1,0,0.85
2015-04-08,-0.6,19,0,0.84
2015-04-09,1.8,18,0,0.84
2015-04-10,2.1,20,0,0.84
2015-04-11,4.3,21.6,0,0.84
2015-04-12,5.2,21.1,0,0.84
2015-04-13,5.7,25.4,0,0.84
2015-04-14,8.6,23,0,0.84
2015-04-15,6.8,24.3,0,0.84
2015-04-16,6.1,25.8,0.2,0.86
2015-04-17,10.5,21,1.2,0.88
2015-04-18,8.4,20.2,2.4,0.88
2015-04-19,3.7,15.6,6.9,0.88
2015-04-20,1.1,19.6,0,0.89
2015-04-21,3.9,24.1,0,0.91
2015-04-22,6.7,27.2,0,0.93
2015-04-23,7,23.2,0,0.94
2015-04-24,7,21.8,0,0.95
2015-04-25,8,19.9,0,0.96
2015-04-26,10.7,23.5,0,0.96
2015-04-27,13.1,19,8.7,0.95
2015-04-28,12.1,20.2,15,0.92
2015-04-29,10.7,19.6,12.9,0.85
2015-04-30,9.2,20.6,0.2,0.86
2015-05-01,8.4,22.3,0,0.86
2015-05-02,11.3,24.3,0,0.87
2015-05-03,11.9,23,0,0.88
2015-05-04,14.5,25,0,0.88
2015-05-05,15.3,24.8,0.2,0.89
2015-05-06,13,23.2,0,0.90
2015-05-07,13,26.2,0.2,0.97
2015-05-08,12.6,26.2,0,1.04
2015-05-09,12.7,26.1,0.4,1.11
2015-05-10,13,26,0,1.18
2015-05-11,11.5,26.8,0,1.25
2015-05-12,13.6,27.2,0,1.32
2015-05-13,11.7,28.5,0,1.39
2015-05-14,12.8,29.5,0,1.46
2015-05-15,14.5,22,0.2,1.53
2015-05-16,13.3,22.8,5.6,1.59
2015-05-17,13.2,27.3,0,1.65
2015-05-18,11.8,28,0,1.72
2015-05-19,13.7,29.4,0,1.79
2015-05-20,9.9,24.1,0,1.86
2015-05-21,7.6,22.6,0,1.93
2015-05-22,11.3,15.5,15.4,1.99
2015-05-23,11.3,15.7,7.6,2.00
2015-05-24,11.5,22.2,4.6,2.04
2015-05-25,10,25.5,0,2.11
2015-05-26,12.9,21.4,0.4,2.18
2015-05-27,11.1,20.5,3.1,2.21
2015-05-28,10,22.6,0.4,2.20
2015-05-29,9.5,24.6,0,2.21
2015-05-30,11.7,27.2,0,2.22
2015-05-31,12.2,25.3,0,2.23
2015-06-01,13.4,29,0,2.24
2015-06-02,14.1,30.7,0,2.25
2015-06-03,14.5,31.6,0,2.27
2015-06-04,16.3,32.3,0,2.28
2015-06-05,16.9,32,0,2.29
2015-06-06,16.2,32.9,0,2.30
2015-06-07,15.7,32.5,0,2.32
2015-06-08,16.1,31.4,0,2.33
2015-06-09,16,31.5,0,2.34
2015-06-10,15.1,29.5,0,2.35
2015-06-11,14.7,31.1,0,2.36
2015-06-12,15.8,32.3,0,2.37
2015-06-13,17.4,32.6,0,2.38
2015-06-14,15.9,30,1.2,2.39
2015-06-15,14,29.8,0.4,2.40
2015-06-16,15,29.6,9.5,2.39
2015-06-17,15.2,24.4,10.9,2.37
2015-06-18,14.3,25.8,2,2.35
2015-06-19,13.8,27.3,0,2.36
2015-06-20,14,25.4,0,2.37
2015-06-21,12.7,25.2,5.3,2.35
2015-06-22,12.4,29.2,0,2.36
2015-06-23,15.4,31.6,0.4,2.36
2015-06-24,13.4,25,8.5,2.35
2015-06-25,11.1,26.5,0,2.35
2015-06-26,12.9,28.9,0,2.36
2015-06-27,13.1,31.6,0,2.37
2015-06-28,15.7,29.8,4,2.35
2015-06-29,17.6,29.2,0,2.36
2015-06-30,15.7,30.5,0,2.36
2015-07-01,15.4,32.3,0,2.37
2015-07-02,17.1,33.5,0,2.38
2015-07-03,18.8,33.9,0,2.39
2015-07-04,19.1,34.7,0,2.40
2015-07-05,20.3,35.2,0,2.42
2015-07-06,21,36.7,0,2.43
2015-07-07,22.9,36,0,2.44
2015-07-08,23.2,36.6,0,2.45
2015-07-09,18.6,29.3,0,2.46
2015-07-10,16.3,29.2,0,2.46
2015-07-11,14.3,32.7,0,2.47
2015-07-12,18,33.3,0,2.47
2015-07-13,20.1,33.6,0,2.48
2015-07-14,21.1,33.6,0,2.49
2015-07-15,21.5,34,0,2.49
2015-07-16,22.9,37.2,0,2.50
2015-07-17,22.4,37.4,0,2.50
2015-07-18,24.2,36.9,0,2.51
2015-07-19,21.5,37.7,0,2.52
2015-07-20,18.9,36.8,0,2.53
2015-07-21,21.5,37.1,0,2.54
2015-07-22,21.4,38,0,2.54
2015-07-23,21.1,38,0,2.55
2015-07-24,22.7,34.7,0,2.57
2015-07-25,20.7,33.7,0,2.58
2015-07-26,19.8,30.5,0,2.60
2015-07-27,19.5,33.9,0,2.61
2015-07-28,18.7,33.7,0,2.62
2015-07-29,18.4,34.6,0,2.64
2015-07-30,20.3,29.9,0,2.65
2015-07-31,17.7,26.8,0.2,2.66
2015-08-01,16.2,29.5,0,2.67
2015-08-02,18.6,28.1,8.2,2.66
2015-08-03,17.6,32.7,0,2.67
2015-08-04,19,34.2,0,2.69
2015-08-05,21.9,34.3,0,2.70
2015-08-06,20.8,35.8,0,2.71
2015-08-07,22,36.7,0,2.73
2015-08-08,21.8,36.2,0,2.74
2015-08-09,22.6,36.2,0,2.76
2015-08-10,19.6,29.2,0,2.77
2015-08-11,18.9,33.1,3.7,2.76
2015-08-12,19.9,36.1,0,2.77
2015-08-13,19.4,36.4,0,2.78
2015-08-14,20.4,35.7,0,2.80
2015-08-15,19.6,33,0,2.81
2015-08-16,18.7,26,7,2.81
2015-08-17,16.3,30.2,4,2.79
2015-08-18,14.9,29.8,0,2.80
2015-08-19,16.5,24.7,2.2,2.81
2015-08-20,15.7,29.6,0,2.80
2015-08-21,16.4,27.4,0,2.81
2015-08-22,13.8,28,0,2.82
2015-08-23,14.2,29.7,0,2.82
2015-08-24,19,27.6,7.1,2.83
2015-08-25,17.7,31.1,0.2,2.81
2015-08-26,18.9,30.4,0,2.82
2015-08-27,16.9,32.1,0,2.83
2015-08-28,17.6,34.1,0,2.84
2015-08-29,20.5,34.5,0,2.85
2015-08-30,20,35.5,0,2.86
2015-08-31,19.9,35.5,0,2.87
2015-09-01,16.5,35.8,0,2.88
2015-09-02,19.5,32.9,0,2.89
2015-09-03,17,31.2,0,2.90
2015-09-04,16.4,30.3,0,2.91
2015-09-05,15.5,28,3.6,2.90
2015-09-06,11.3,25.7,0.6,2.90
2015-09-07,10.6,25.5,0,2.90
2015-09-08,10.5,25.6,0,2.91
2015-09-09,9.5,25.1,0,2.91
2015-09-10,9.7,24.2,0,2.91
2015-09-11,9.5,26.6,0,2.92
2015-09-12,10.6,28.4,0,2.92
2015-09-13,13.3,24.4,0,2.93
2015-09-14,18,31,4.1,2.92
2015-09-15,18.9,28.8,0,2.92
2015-09-16,18,33.1,0,2.92
2015-09-17,18.3,34.7,0,2.93
2015-09-18,16.3,32.4,0,2.94
2015-09-19,15.5,29.4,0,2.94
2015-09-20,14.9,24.6,0,2.94
2015-09-21,12.7,25.9,3.1,2.93
2015-09-22,10.3,25.4,0,2.93
2015-09-23,12.9,22.6,0,2.93
2015-09-24,12.7,17.5,25.2,2.88
2015-09-25,14.2,21,3.1,2.86
2015-09-26,11.6,22.7,0.2,2.86
2015-09-27,13.5,21.5,0,2.86
2015-09-28,14.2,20.7,0,2.86
2015-09-29,11.3,20.7,0,2.85
2015-09-30,11.6,20.4,0,2.85
2015-10-01,11.6,15.3,0,2.85
2015-10-02,12,17.6,1.2,2.85
2015-10-03,13.2,22,15.1,2.79
2015-10-04,15.1,23.4,6.1,2.79
2015-10-05,14.7,23.4,3,2.76
2015-10-06,16.1,17.6,1.8,2.76
2015-10-07,14.9,22.4,0.5,2.75
2015-10-08,12.9,23.3,0,2.75
2015-10-09,11.6,22.1,0,2.75
2015-10-10,13.7,17.1,0.2,2.75
2015-10-11,12.9,22.2,2.8,2.73
2015-10-12,9.1,22.8,0,2.73
2015-10-13,14.8,15.9,11.7,2.73
2015-10-14,13.8,16.6,14.9,2.68
2015-10-15,12.1,19.8,17.7,2.61
2015-10-16,8.2,16.4,0,2.60
2015-10-17,5.5,17.1,0,2.60
2015-10-18,8.4,13.8,0,2.59
2015-10-19,8.5,16.5,4.5,2.58
2015-10-20,5.3,17.6,0.2,2.57
2015-10-21,4.8,17.3,0.2,2.56
2015-10-22,4.3,16.5,0,2.56
2015-10-23,5.1,17.7,0,2.56
2015-10-24,4.6,19.2,0,2.56
2015-10-25,5.4,17.9,0,2.56
2015-10-26,6.5,18,0.2,2.55
2015-10-27,4.9,17.9,0.2,2.55
2015-10-28,10.4,13.3,6.4,2.55
2015-10-29,11.2,16.3,15.3,2.50
2015-10-30,9.8,18.5,0.5,2.47
2015-10-31,5.9,18.7,0.2,2.47
2015-11-01,4.5,17.7,0,2.47
2015-11-02,3.1,15.9,0.2,2.47
2015-11-03,3.5,17,0,2.46
2015-11-04,6.8,16.4,0,2.46
2015-11-05,4.8,18.8,0,2.46
2015-11-06,7.4,19.6,0.2,2.46
2015-11-07,6.4,20.5,0,2.45
2015-11-08,6.3,21,0.2,2.45
2015-11-09,5.1,20.5,0.2,2.45
2015-11-10,6.4,20.6,0,2.45
2015-11-11,8.2,18,0.2,2.45
2015-11-12,5,18.5,0.2,2.45
2015-11-13,7.8,11.6,0.2,2.44
2015-11-14,5.7,11.7,0.2,2.44
2015-11-15,7.2,12.1,0.2,2.43
2015-11-16,9.3,11.4,0,2.43
2015-11-17,9.2,11.4,0,2.42
2015-11-18,9.3,11.3,0,2.42
2015-11-19,7.3,13.5,0,2.41
2015-11-20,5.5,12,0,2.41
2015-11-21,6.1,9.7,0.3,2.41
2015-11-22,1.6,10.8,30.6,2.30
2015-11-23,0.8,7.3,0,2.29
2015-11-24,-0.4,9.6,0.5,2.29
2015-11-25,-1.3,6.4,0.2,2.28
2015-11-26,1,6.8,0,2.28
2015-11-27,0.3,11.4,0,2.28
2015-11-28,-1.5,7.5,0,2.27
2015-11-29,-1.7,8.3,0,2.27
2015-11-30,-1.8,11.5,0.2,2.26
2015-12-01,-1.1,10.8,0.2,2.26
2015-12-02,-0.8,10.4,0.2,2.25
2015-12-03,-0.2,5.7,0.2,2.25
2015-12-04,2.6,5.1,0.2,2.25
2015-12-05,5,7.4,0,2.24
2015-12-06,3.8,5.4,0,2.23
2015-12-07,5,6.6,0,2.23
2015-12-08,3.5,10.2,0,2.22
2015-12-09,2.7,5.6,0.2,2.22
2015-12-10,2.3,5.5,0.2,2.21
2015-12-11,1.2,4.2,0,2.21
2015-12-12,-0.7,4.1,0.2,2.20
2015-12-13,-0.9,4.6,0.2,2.20
2015-12-14,2.4,8.8,0,2.19
2015-12-15,1.9,9,0,2.19
2015-12-16,0.7,13.9,0,2.18
2015-12-17,-0.4,10.7,0.4,2.18
2015-12-18,-1,12.3,0,2.17
2015-12-19,0.5,11.5,0.2,2.17
2015-12-20,-0.3,12.1,0.2,2.16
2015-12-21,4.6,7,0.2,2.16
2015-12-22,4.3,8.6,0,2.15
2015-12-23,5.7,7.3,0.2,2.15
2015-12-24,5.4,8.3,0,2.14
2015-12-25,5.9,8.9,0.2,2.14
2015-12-26,4.7,7.3,0,2.13
2015-12-27,3.6,5.6,0,2.13
2015-12-28,2.4,4.4,0,2.12
2015-12-29,1,6.2,0,2.12
2015-12-30,-1.1,7.6,0.2,2.11
2015-12-31,-1.9,6.7,0,2.11
2016-01-01,-3.3,7.6,0.2,2.10
2016-01-02,-1.1,2.3,6.8,2.10
2016-01-03,-0.1,4.5,3.1,2.07
2016-01-04,0.2,2.4,4.9,2.05
2016-01-05,0,3.3,0.9,2.03
2016-01-06,0.7,6.1,2.6,2.02
2016-01-07,-1.2,6.8,0.2,2.01
2016-01-08,0,8.5,0,2.00
2016-01-09,3.5,6.4,2.4,2.00
2016-01-10,3.1,11.3,0.2,1.99
2016-01-11,3.9,18,0,1.98
2016-01-12,2.2,14.6,0,1.98
2016-01-13,0.5,12.5,0,1.98
2016-01-14,-1.5,4.2,6.7,1.97
2016-01-15,-1.3,8.8,0,1.95
2016-01-16,-2.7,8.4,0.2,1.95
2016-01-17,-3.7,7.9,0,1.94
2016-01-18,-5.4,6.6,0,1.94
2016-01-19,-6.9,5.8,0,1.94
2016-01-20,-5.4,5.7,0,1.93
2016-01-21,-5.9,6.7,0,1.93
2016-01-22,-1.8,6,0,1.93
2016-01-23,-3.9,7.2,0,1.93
2016-01-24,-5.8,10,0,1.92
2016-01-25,-4.4,12.6,0.2,1.92
2016-01-26,-2.2,14.5,0,1.92
2016-01-27,-2.3,13.4,0,1.92
2016-01-28,1,11.7,0,1.92
2016-01-29,0.1,11.9,0.2,1.92
2016-01-30,4.8,9.9,0.2,1.91
2016-01-31,1.2,6.9,0,1.91
2016-02-01,3.4,8.5,0.2,1.91
2016-02-02,6.1,7.5,0,1.90
2016-02-03,5.1,9.1,7,1.90
2016-02-04,-0.4,12.2,1.4,1.87
2016-02-05,-2.4,12.3,0,1.86
2016-02-06,-0.6,11.7,0.2,1.86
2016-02-07,4.4,12,0,1.85
2016-02-08,2,11.8,0,1.85
2016-02-09,0.1,16.9,0.9,1.84
2016-02-10,0.7,13.3,3.5,1.83
2016-02-11,-2.1,10.8,0,1.82
2016-02-12,1.2,10.7,11.6,1.81
2016-02-13,1.7,10.4,0,1.77
2016-02-14,4.2,6.4,12.7,1.76
2016-02-15,5,8.2,15.2,1.71
2016-02-16,6.1,10.1,26.5,1.66
2016-02-17,4.3,10.5,10.2,1.57
2016-02-18,4.1,11.5,0,1.53
2016-02-19,2.1,15.6,0,1.53
2016-02-20,2.7,13.2,0,1.53
2016-02-21,1.3,16.2,0,1.52
2016-02-22,1.2,13.6,0.6,1.52
2016-02-23,3.7,15.9,5,1.52
2016-02-24,3.6,11.4,0.4,1.50
2016-02-25,5.9,8.8,0.2,1.50
2016-02-26,5.7,8.7,0.4,1.49
2016-02-27,6,9.8,6.9,1.48
2016-02-28,8.3,13.1,22.8,1.46
2016-02-29,7.4,12.7,27.3,1.39
2016-03-01,5,14.6,0.2,1.29
2016-03-02,3,16,0.4,1.29
2016-03-03,2.2,11.6,27.3,1.29
2016-03-04,0.3,14.2,0,1.20
2016-03-05,3.1,14.4,9.1,1.20
2016-03-06,0.8,8.4,0.4,1.17
2016-03-07,3,7.9,1.4,1.16
2016-03-08,2.7,6.8,11.5,1.16
2016-03-09,4.7,8.5,8.7,1.11
2016-03-10,1.9,14.4,0.2,1.09
2016-03-11,7.1,12.9,2.4,1.09
2016-03-12,6.9,14.6,0,1.08
2016-03-13,8.5,13.4,0,1.08
2016-03-14,1.6,12.8,0,1.08
2016-03-15,-0.4,13.7,0.4,1.08
2016-03-16,6.2,10.7,0.2,1.08
2016-03-17,3.2,13.7,0,1.08
2016-03-18,0.7,16.9,0,1.08
2016-03-19,2.2,19.7,0,1.08
2016-03-20,4.4,19.5,0,1.09
2016-03-21,10.1,16.6,0,1.09
2016-03-22,8.8,15.6,0,1.10
2016-03-23,4.3,14.3,0,1.10
2016-03-24,-0.1,15.8,0,1.10
2016-03-25,4.1,16.8,0,1.11
2016-03-26,3.6,17.8,0,1.11
2016-03-27,1.6,19,0,1.12
2016-03-28,8,18,0.2,1.13
2016-03-29,5.8,22.7,0,1.13
2016-03-30,7.2,22.7,0,1.14
2016-03-31,6.8,19.8,0,1.15
2016-04-01,11.6,18.8,0,1.16
2016-04-02,7.8,17.2,0,1.16
2016-04-03,7.7,19.6,0.2,1.17
2016-04-04,10.8,19.4,0,1.18
2016-04-05,10.4,21,0,1.18
2016-04-06,9.6,22,0,1.19
2016-04-07,10.6,17.9,0,1.20
2016-04-08,12.2,16.8,0.6,1.21
2016-04-09,8.6,19.1,1.5,1.22
2016-04-10,7.3,21.6,0.2,1.23
2016-04-11,7.5,24.2,0,1.25
2016-04-12,7.4,23.9,0,1.27
2016-04-13,8.4,24,0,1.29
2016-04-14,10.2,23,0.2,1.30
2016-04-15,6.3,23.5,0,1.32
2016-04-16,11.5,26.2,0,1.34
2016-04-17,14.3,25,0,1.36
2016-04-18,8.9,25.2,0,1.38
2016-04-19,7.8,21.1,0,1.40
2016-04-20,7.8,20.7,0.2,1.41
2016-04-21,5.7,21.6,0,1.42
2016-04-22,9.4,23.5,0,1.43
2016-04-23,11.2,20.5,8.6,1.44
2016-04-24,8.6,14,20,1.43
2016-04-25,4.8,16,0,1.37
2016-04-26,2.5,17.6,0,1.38
2016-04-27,8,22.1,0,1.39
2016-04-28,5.7,17.9,0,1.40
2016-04-29,7.8,19.8,0,1.40
2016-04-30,6.2,20.6,11.5,1.41
2016-05-01,11,14.3,10.4,1.37
2016-05-02,10.7,19.6,9.3,1.32
2016-05-03,9.1,23.4,6,1.29
2016-05-04,11,24,3.9,1.28
2016-05-05,9.8,20.6,0,1.28
2016-05-06,8.9,23.2,0,1.28
2016-05-07,8.2,23.1,0,1.29
2016-05-08,12.6,23.2,0,1.30
2016-05-09,15.5,21.5,0.8,1.30
2016-05-10,15,24.2,0.2,1.30
2016-05-11,15.5,20.1,13.3,1.32
2016-05-12,13.2,22.7,6.6,1.29
2016-05-13,13.3,19.4,1.7,1.28
2016-05-14,13.4,24.1,15.7,1.29
2016-05-15,12.3,21.5,2.4,1.25
2016-05-16,10.9,19.4,0,1.24
2016-05-17,9.7,21.6,0,1.26
2016-05-18,7.8,24,0,1.28
2016-05-19,10.5,19.6,4.6,1.30
2016-05-20,11.9,24.4,0.2,1.31
2016-05-21,10.6,27.3,0,1.33
2016-05-22,10.9,27.3,0,1.35
2016-05-23,10.4,23.2,0.4,1.38
2016-05-24,9.3,25.5,0,1.39
2016-05-25,9.1,26.6,0,1.42
2016-05-26,12.6,27.9,0,1.44
2016-05-27,12.8,28.3,0,1.47
2016-05-28,13.1,30.1,0,1.49
2016-05-29,14.5,22.9,7.2,1.52
2016-05-30,13,25.9,0,1.50
2016-05-31,11.4,25.4,1.9,1.52
2016-06-01,10.6,24.5,0,1.54
2016-06-02,13.6,24.9,1.4,1.56
2016-06-03,15.1,24.6,1.6,1.57
2016-06-04,15,25.7,13.3,1.58
2016-06-05,15.6,26.7,2.4,1.56
2016-06-06,15.8,25.8,1.2,1.57
2016-06-07,14.8,29.2,0,1.58
2016-06-08,14.2,29.1,0.4,1.60
2016-06-09,16.1,21.7,42,1.58
2016-06-10,16.6,25.3,0.4,1.44
2016-06-11,14.9,27.8,0,1.44
2016-06-12,14.4,23,2.1,1.43
2016-06-13,13.7,27.2,0,1.42
2016-06-14,15,25.6,0.2,1.42
2016-06-15,13.8,27.1,0,1.40
2016-06-16,17.1,26.9,0,1.40
2016-06-17,12,27.4,0,1.43
2016-06-18,11.1,26.7,0.4,1.47
2016-06-19,14.6,22.8,0.1,1.50
2016-06-20,14.1,26.7,0,1.52
2016-06-21,13.1,28.6,0,1.56
2016-06-22,14.7,31.1,0,1.59
2016-06-23,17.1,33,0,1.63
2016-06-24,19,35.2,0,1.67
2016-06-25,19.8,36,0.6,1.70
2016-06-26,18.1,32.7,0.1,1.74
2016-06-27,15.9,29.7,0,1.77
2016-06-28,15.3,30.2,0,1.80
2016-06-29,15.2,31.9,0,1.82
2016-06-30,18.8,33.1,0,1.83
2016-07-01,18.6,32.8,0,1.85
2016-07-02,19.4,33.8,9,1.86
2016-07-03,19.3,32.1,0.2,1.85
2016-07-04,17.5,29.3,0,1.86
2016-07-05,15.8,32.2,0,1.87
2016-07-06,19.9,32.6,0,1.89
2016-07-07,19.1,31.2,0,1.90
2016-07-08,18.9,32.2,0,1.92
2016-07-09,18.5,34.5,0,1.93
2016-07-10,20.3,33.9,0,1.95
2016-07-11,19.9,35,0,1.97
2016-07-12,20.2,34.6,0,1.98
2016-07-13,16.5,32.1,0,2.00
2016-07-14,16,27.4,0,2.00
2016-07-15,14.4,25.4,0,2.00
2016-07-16,12,28.3,0,1.99
2016-07-17,11.1,32.5,0,1.99
2016-07-18,15.2,34.4,0,1.99
2016-07-19,16.5,32.9,0,2.00
2016-07-20,16.9,34.5,0,2.00
2016-07-21,18.8,33.8,0,2.00
2016-07-22,19.4,34.4,0,2.02
2016-07-23,20.3,29.5,0.4,2.03
2016-07-24,18,27.9,0.2,2.04
2016-07-25,16.5,32.6,0,2.05
2016-07-26,19.3,33.5,0,2.07
2016-07-27,19.4,32.9,0,2.08
2016-07-28,18.5,31.6,0,2.09
2016-07-29,17.1,33.1,0,2.11
2016-07-30,19.1,34.3,0,2.12
2016-07-31,19.8,33.3,0,2.13
2016-08-01,18.2,29,0,2.15
2016-08-02,16.2,31.2,0,2.15
2016-08-03,16.7,32.5,0,2.17
2016-08-04,18.3,33.9,0,2.18
2016-08-05,16.3,29.2,0.4,2.19
2016-08-06,16,28.4,7.8,2.20
2016-08-07,16.7,29.6,0,2.19
2016-08-08,15,30.6,0,2.20
2016-08-09,14.8,32.9,0,2.21
2016-08-10,15.7,23.8,1.2,2.22
2016-08-11,14.5,25.9,1.4,2.22
2016-08-12,11.4,27.1,0,2.20
2016-08-13,11.9,29.2,0,2.21
2016-08-14,13.9,32.3,0,2.22
2016-08-15,15.7,33.8,0,2.23
2016-08-16,17.7,33.4,0,2.25
2016-08-17,18.6,33.3,11.4,2.26
2016-08-18,17.9,29.9,0,2.24
2016-08-19,19.4,29.5,0.7,2.25
2016-08-20,19.8,31.6,0,2.25
2016-08-21,19.1,30.7,51.9,2.25
2016-08-22,15.4,27.5,0,2.17
2016-08-23,13.4,29.3,0,2.18
2016-08-24,15.5,30,0,2.19
2016-08-25,16.7,30,0,2.20
2016-08-26,16.3,29.9,0,2.21
2016-08-27,14.5,32,0,2.22
2016-08-28,16.1,33.2,0,2.24
2016-08-29,17.8,33.3,0,2.25
2016-08-30,20.1,29.8,0.6,2.26
2016-08-31,17.6,30.6,0,2.27
2016-09-01,15.4,31.5,0,2.28
2016-09-02,17.6,32.1,0,2.29
2016-09-03,17.3,32.1,0,2.30
2016-09-04,18,32.8,0,2.31
2016-09-05,18,28.9,0,2.33
2016-09-06,14.8,27.7,4.2,2.33
2016-09-07,16.2,27.7,0.2,2.33
2016-09-08,16.6,28.9,0,2.34
2016-09-09,16.5,30.5,0,2.34
2016-09-10,17.1,31.5,0,2.35
2016-09-11,17.8,30.4,0,2.36
2016-09-12,17.1,31.7,0,2.37
2016-09-13,16.1,31.8,0,2.38
2016-09-14,15.7,31.3,0,2.39
2016-09-15,17.5,29.3,0,2.40
2016-09-16,17.1,20.6,33.1,2.40
2016-09-17,14.4,26.2,0,2.30
2016-09-18,14.4,25,0.4,2.31
2016-09-19,14.9,25.7,0,2.31
2016-09-20,14.2,26.6,0,2.31
2016-09-21,14.9,20.1,15.9,2.32
2016-09-22,11.6,23.4,0.2,2.28
2016-09-23,9.3,23.7,0,2.28
2016-09-24,10.8,24.9,0,2.29
2016-09-25,10.3,25,0,2.29
2016-09-26,11.4,25.4,0,2.30
2016-09-27,10.8,24.8,0,2.30
2016-09-28,10.6,25.7,0,2.31
2016-09-29,10.6,26.4,0,2.32
2016-09-30,11.5,27.3,0,2.32
2016-10-01,10.5,26.6,9.9,2.33
2016-10-02,15.5,23.8,1.6,2.31
2016-10-03,11.4,22.6,0.4,2.31
2016-10-04,10.4,22.8,0.2,2.32
2016-10-05,8.4,20.1,6,2.32
2016-10-06,9.9,17.6,0.4,2.31
2016-10-07,7.9,19,0,2.31
2016-10-08,6.2,17.6,0,2.32
2016-10-09,11,16.8,9.7,2.32
2016-10-10,6.8,16.1,0.9,2.30
2016-10-11,5,16.5,0.4,2.30
2016-10-12,4.3,17.6,0,2.30
2016-10-13,6.3,14.4,5.4,2.32
2016-10-14,10.4,15.6,42.3,2.32
2016-10-15,11.5,18.2,0,2.16
2016-10-16,10.5,20.1,0.2,2.18
2016-10-17,11,17,0.2,2.19
2016-10-18,9.4,19.2,0,2.20
2016-10-19,8.6,19.4,0.4,2.22
2016-10-20,8.6,14,3.6,2.23
2016-10-21,6.1,16.8,0,2.23
2016-10-22,4,17.5,0.2,2.24
2016-10-23,6.6,18.3,0,2.26
2016-10-24,11.9,13.2,0.2,2.27
2016-10-25,12.8,14.9,0,2.28
2016-10-26,10.2,16.2,0,2.29
2016-10-27,7.4,20.5,0,2.30
2016-10-28,6.8,18.8,0,2.30
2016-10-29,4.6,18.4,0.2,2.30
2016-10-30,4.8,19.1,0.2,2.30
2016-10-31,6.2,16.4,0.2,2.30
2016-11-01,6.5,15.8,0.2,2.30
2016-11-02,6.7,14.9,0,2.29
2016-11-03,6.9,16.6,0.2,2.29
2016-11-04,6.1,15.1,0,2.29
2016-11-05,9.5,11.7,5.8,2.29
2016-11-06,7.3,19.8,0.6,2.26
2016-11-07,3.5,17.8,0,2.25
2016-11-08,1.2,11.2,0.2,2.25
2016-11-09,1.8,12.4,3.3,2.25
2016-11-10,2.9,11.7,0,2.24
2016-11-11,3.1,9.5,13.8,2.23
2016-11-12,1.2,13.4,2.2,2.19
2016-11-13,0.5,10.6,0,2.18
2016-11-14,3.8,8.5,0.6,2.18
2016-11-15,-0.4,10.4,0,2.17
2016-11-16,-0.8,10.4,0,2.17
2016-11-17,-0.3,11.9,0.4,2.16
2016-11-18,7.5,9.5,20.6,2.16
2016-11-19,7.8,11.4,23.1,2.10
2016-11-20,7,8.7,0.6,2.02
2016-11-21,8.5,11.9,0.2,2.01
2016-11-22,10.2,16.5,0.2,2.00
2016-11-23,12.2,16.9,0.2,2.00
2016-11-24,12.6,14.3,0.2,2.01
2016-11-25,12.5,16,1.5,2.01
2016-11-26,6.2,15.5,3,2.01
2016-11-27,4.5,15.1,0.2,2.01
2016-11-28,4.4,9.6,2.3,2.02
2016-11-29,-1.1,7.8,0,2.02
2016-11-30,-2.8,7.7,0,2.03
2016-12-01,-1.1,8.3,0,2.03
2016-12-02,-1.3,11,0.2,2.04
2016-12-03,2.4,8.3,3.9,2.05
2016-12-04,5.6,8.1,1.4,2.05
2016-12-05,2.7,8.3,0,2.05
2016-12-06,1.2,8.3,0,2.05
2016-12-07,-0.8,3.8,0,2.06
2016-12-08,-0.6,4.1,0.2,2.07
2016-12-09,-1,1.5,0.2,2.07
2016-12-10,-1.3,2,0,2.08
2016-12-11,-0.3,2,0.2,2.09
2016-12-12,1.8,4.3,0,2.09
2016-12-13,1.5,2.5,0.2,2.10
2016-12-14,0.2,2.1,0,2.09
2016-12-15,0.4,2.4,0.2,2.09
2016-12-16,0.3,4.3,0,2.08
2016-12-17,-2,6.3,0.2,2.07
2016-12-18,-3.5,0.5,0,2.06
2016-12-19,-2.2,2.7,0.2,2.06
2016-12-20,2.3,9.2,13.1,2.05
2016-12-21,1.4,10.2,4.5,2.01
2016-12-22,-0.7,10.2,0,1.99
2016-12-23,-1.4,9.4,0.2,1.99
2016-12-24,-1.6,8.7,0.2,1.98
2016-12-25,-0.9,9.9,0.2,1.97
2016-12-26,-1.1,12.3,0,1.97
2016-12-27,-1.2,12.5,0.2,1.96
2016-12-28,-2.7,11.8,0.2,1.96
2016-12-29,-2.7,9.8,0,1.96
2016-12-30,-3.6,6.5,0,1.95
2016-12-31,-4.6,7,0,1.94
2017-01-01,-3.2,8,0.2,1.94
2017-01-02,-4.1,6.4,0,1.93
2017-01-03,-3.4,8.7,0.6,1.93
2017-01-04,-3.8,7.9,0.2,1.92
2017-01-05,-4.1,8.9,0,1.92
2017-01-06,-8.1,4.5,0,1.91
2017-01-07,-9.7,3,0,1.91
2017-01-08,-7.3,4.2,0,1.90
2017-01-09,-7.7,4.6,0,1.89
2017-01-10,-4.6,2.2,0,1.89
2017-01-11,-5.6,3.9,0,1.88
2017-01-12,-6.4,1.6,0,1.88
2017-01-13,-0.7,3.2,1,1.87
2017-01-14,-4.9,8.9,0,1.86
2017-01-15,-4.2,3.7,0.2,1.85
2017-01-16,-3.5,4.4,0,1.85
2017-01-17,2.1,5.9,0,1.84
2017-01-18,0.3,6.9,0,1.83
2017-01-19,-4.9,8.5,0,1.83
2017-01-20,-5.7,6.4,0,1.82
2017-01-21,-7.1,6.1,0,1.82
2017-01-22,-6.8,5.2,0,1.81
2017-01-23,-0.1,5.9,0,1.81
2017-01-24,-2.5,12.2,0,1.80
2017-01-25,-5.4,9,0,1.80
2017-01-26,-6.9,6.7,0,1.79
2017-01-27,-7.1,7.3,0,1.79
2017-01-28,-5.1,5.7,0,1.78
2017-01-29,-5.7,8.4,0,1.78
2017-01-30,-5.5,7.5,0,1.77
2017-01-31,1.3,5.9,0,1.77
2017-02-01,2.8,6.9,0,1.76
2017-02-02,3.2,7.1,1.4,1.76
2017-02-03,4.7,15.2,4.3,1.75
2017-02-04,3,7.7,7.6,1.74
2017-02-05,1.8,8.2,23.6,1.71
2017-02-06,4.8,9.9,12.9,1.62
2017-02-07,3.1,12.6,0,1.56
2017-02-08,0.8,9.1,0,1.55
2017-02-09,-0.3,7,0,1.55
2017-02-10,3.1,7,0.2,1.55
2017-02-11,4.2,8.3,0,1.54
2017-02-12,5.3,9.6,0,1.54
2017-02-13,5.2,8.7,0,1.53
2017-02-14,1,11.9,0,1.53
2017-02-15,1.1,14.2,0,1.53
2017-02-16,-0.3,15.3,0.2,1.52
2017-02-17,1,13.1,6.1,1.52
2017-02-18,1.6,14,0,1.51
2017-02-19,1.3,11.5,0.2,1.50
2017-02-20,-0.3,8.5,0,1.50
2017-02-21,0,11.9,0.2,1.50
2017-02-22,4,13.3,0,1.50
2017-02-23,1.7,12.4,0.2,1.49
2017-02-24,3.6,8.5,9.1,1.49
2017-02-25,1.3,13.1,0.1,1.46
2017-02-26,-0.3,14.8,0,1.46
2017-02-27,-0.1,14.6,0,1.46
2017-02-28,6.9,15.8,0,1.46
2017-03-01,4.2,17.7,0,1.46
2017-03-02,2,18.1,0,1.46
2017-03-03,1.9,16.2,0,1.46
2017-03-04,7.5,15.5,0,1.46
2017-03-05,5.6,16.1,0,1.46
2017-03-06,2.2,16,3.5,1.46
2017-03-07,5.8,17.9,0,1.45
2017-03-08,1,16.8,0,1.45
2017-03-09,1.3,18.8,0,1.46
2017-03-10,2.9,21.3,0,1.46
2017-03-11,-0.5,15.3,0,1.46
2017-03-12,2.7,15.3,0,1.46
2017-03-13,-0.7,15.6,0,1.46
2017-03-14,1.4,19,0,1.47
2017-03-15,1.8,18.1,0,1.47
2017-03-16,1.3,20.4,0,1.47
2017-03-17,1.9,22.1,0,1.48
2017-03-18,5.7,19.5,0,1.48
2017-03-19,4.3,19.3,0,1.48
2017-03-20,5.1,17.7,0,1.49
2017-03-21,7.7,17.3,0.2,1.49
2017-03-22,10.5,19.1,0,1.49
2017-03-23,7.1,21.5,0,1.50
2017-03-24,6.3,20.6,0,1.50
2017-03-25,7.5,22.1,0.6,1.50
2017-03-26,6.3,19,2.4,1.51
2017-03-27,1.6,16.2,0.2,1.50
2017-03-28,0.8,19.6,0,1.51
2017-03-29,3.3,24.1,0,1.51
2017-03-30,6.2,24.5,0,1.52
2017-03-31,4.7,24.5,0,1.53
2017-04-01,6.1,22.1,0,1.54
2017-04-02,11.7,19.4,0,1.54
2017-04-03,5.8,23.2,0,1.55
2017-04-04,7.6,24,0,1.55
2017-04-05,7.7,18.1,1,1.56
2017-04-06,7.5,18.4,0,1.56
2017-04-07,6.7,20.6,0,1.57
2017-04-08,4,22.7,0,1.57
2017-04-09,5.3,23.4,0,1.58
2017-04-10,6.1,25.4,0,1.59
2017-04-11,9.1,24.4,0,1.60
2017-04-12,9.3,21.8,0.2,1.61
2017-04-13,7.5,25.4,0,1.61
2017-04-14,10.3,25.3,0,1.62
2017-04-15,11.7,20,0.6,1.63
2017-04-16,11.8,23.4,2.4,1.64
2017-04-17,7.1,18.2,0.6,1.64
2017-04-18,3.2,16.5,6.5,1.64
2017-04-19,1.8,15.7,0.2,1.62
2017-04-20,0.5,16.7,0,1.62
2017-04-21,2.3,16.4,0,1.63
2017-04-22,0.8,21.4,0,1.64
2017-04-23,4.2,20.4,0,1.65
2017-04-24,10,21.7,0,1.65
2017-04-25,7.6,23.3,0,1.66
2017-04-26,14.8,21.1,0.8,1.67
2017-04-27,13.3,22.1,6.3,1.67
2017-04-28,5.8,18.5,0,1.65
2017-04-29,3.9,17.6,0,1.66
2017-04-30,2.2,19.2,0,1.66
2017-05-01,4.4,20.7,1,1.67
2017-05-02,4.8,20.8,0,1.67
2017-05-03,10.5,20.2,0.4,1.68
2017-05-04,10.3,19,7.1,1.68
2017-05-05,8.5,22.5,0.4,1.64
2017-05-06,8.8,18.9,28.1,1.65
2017-05-07,10.1,14,2.9,1.57
2017-05-08,8.1,20.7,0.2,1.57
2017-05-09,11.2,18.8,27.9,1.57
2017-05-10,8.8,19.6,0,1.52
2017-05-11,11.8,21.4,0,1.52
2017-05-12,12.4,25.5,1,1.53
2017-05-13,12.6,26.3,2.9,1.51
2017-05-14,11.7,26.9,3.4,1.50
2017-05-15,12.5,24.9,4.7,1.50
2017-05-16,12,26,0,1.50
2017-05-17,12.1,26.8,0,1.52
2017-05-18,12,26.4,0,1.55
2017-05-19,13.1,27,0,1.57
2017-05-20,12.8,21.3,15.6,1.59
2017-05-21,12.7,25.9,0,1.61
2017-05-22,11.5,27.1,0,1.63
2017-05-23,13.1,29.1,0,1.66
2017-05-24,15,28.9,0,1.68
2017-05-25,15.4,23.8,0,1.71
2017-05-26,11,24.8,0,1.73
2017-05-27,12.6,27.4,0,1.75
2017-05-28,13.2,28.9,0,1.77
2017-05-29,13.6,29.1,0,1.80
2017-05-30,15.7,32.4,0,1.80
2017-05-31,15.9,32,0,1.80
2017-06-01,14.9,31.5,0,1.81
2017-06-02,13.2,32,0,1.81
2017-06-03,14.9,32,0,1.81
2017-06-04,13.5,30.9,0,1.81
2017-06-05,14,29.2,0,1.81
2017-06-06,14.5,27.8,0,1.81
2017-06-07,12.5,29.1,0,1.80
2017-06-08,11,26.6,0,1.81
2017-06-09,8.9,29.2,0,1.83
2017-06-10,15,30.4,0,1.84
2017-06-11,13.4,30,0,1.86
2017-06-12,14.8,32.7,0.2,1.87
2017-06-13,16.7,34,0,1.89
2017-06-14,19,32.4,10,1.91
2017-06-15,20.1,31,0.4,1.88
2017-06-16,19.1,33.4,0,1.89
2017-06-17,19.1,30.8,0,1.90
2017-06-18,14.2,27.8,0,1.92
2017-06-19,13.3,30.3,0,1.93
2017-06-20,13.7,33.6,0,1.95
2017-06-21,17,34.9,0,1.96
2017-06-22,18.7,36,0,1.98
2017-06-23,20.5,36.5,0,2.00
2017-06-24,21.2,35.9,0,2.01
2017-06-25,19.2,31.5,25.8,2.03
2017-06-26,20.7,31.7,0,1.98
2017-06-27,20,31.5,0.4,1.99
2017-06-28,17.1,30.7,16.5,2.00
2017-06-29,15.5,29.4,0.2,2.00
2017-06-30,14.7,27.4,0,2.01
2017-07-01,11.9,28.5,0,2.02
2017-07-02,12.6,29,0,2.03
2017-07-03,15.3,31,0,2.04
2017-07-04,18.4,30.4,0,2.06
2017-07-05,16.3,32.8,0,2.07
2017-07-06,16.9,34.8,0,2.08
2017-07-07,16.5,35.9,0,2.10
2017-07-08,18.3,35.7,0,2.11
2017-07-09,20,34.4,0,2.13
2017-07-10,20.4,35,0,2.14
2017-07-11,18.7,34.6,10.2,2.16
2017-07-12,18.2,32.3,0,2.14
2017-07-13,20.4,31.9,0,2.15
2017-07-14,17.6,28.8,0,2.16
2017-07-15,15.3,30.4,0,2.17
2017-07-16,14.3,27.9,0,2.18
2017-07-17,13.2,29.6,0,2.19
2017-07-18,13.3,32.2,0,2.20
2017-07-19,15.8,33.7,0,2.21
2017-07-20,18.8,33.1,0,2.23
2017-07-21,18.6,33.5,0,2.24
2017-07-22,20.5,34.4,0,2.25
2017-07-23,20.3,35.2,0,2.26
2017-07-24,17.4,32.8,0,2.27
2017-07-25,14.5,31.3,0,2.28
2017-07-26,13.8,32.1,0,2.29
2017-07-27,14.6,32,0,2.30
2017-07-28,16.5,33.8,0,2.31
2017-07-29,19.6,32.6,0,2.32
2017-07-30,21.4,33.4,0,2.33
2017-07-31,20,34.6,0,2.34
2017-08-01,19.8,36.9,0,2.35
2017-08-02,21.6,39.5,0,2.36
2017-08-03,22.7,38.9,0,2.37
2017-08-04,21.8,39.8,0,2.38
2017-08-05,21.8,38.5,0,2.40
2017-08-06,20.2,38.1,22.9,2.41
2017-08-07,20.1,30.5,0,2.37
2017-08-08,19.5,32.1,0,2.37
2017-08-09,21.4,35.5,0.7,2.38
2017-08-10,20.4,30.4,7.9,2.39
2017-08-11,15.6,29.4,0,2.38
2017-08-12,14.5,29,0,2.39
2017-08-13,14.8,30.7,0,2.40
2017-08-14,15.5,30.8,0,2.40
2017-08-15,17.1,33.3,0,2.41
2017-08-16,18.1,32.5,0,2.42
2017-08-17,19.9,33.7,0,2.42
2017-08-18,17.8,34.9,0,2.43
2017-08-19,19.7,34,0,2.44
2017-08-20,17.7,28.5,0.1,2.45
2017-08-21,14.7,28.6,0,2.45
2017-08-22,13.4,27.9,0,2.45
2017-08-23,14,30.5,0,2.46
2017-08-24,16.5,32.9,0,2.46
2017-08-25,18.9,33.7,0,2.47
2017-08-26,18.6,34,0,2.47
2017-08-27,18.8,36.5,0,2.48
2017-08-28,20.5,33.6,0,2.48
2017-08-29,18.1,30.9,0,2.49
2017-08-30,16.9,32.7,0,2.49
2017-08-31,18.3,34.9,0,2.50
2017-09-01,15.5,31.4,5,2.50
2017-09-02,13.3,28,2.2,2.49
2017-09-03,13.9,25.1,1.9,2.49
2017-09-04,11.2,27.1,0,2.49
2017-09-05,13.6,29.3,0,2.50
2017-09-06,14.3,29.8,0,2.51
2017-09-07,16.4,29.2,15.4,2.53
2017-09-08,16.2,25.7,0.2,2.36
2017-09-09,14.8,28.4,8.1,2.37
2017-09-10,17.4,21.8,38.4,2.35
2017-09-11,16,21.3,0.7,2.24
2017-09-12,12.1,22.4,0.3,2.24
2017-09-13,11,25.3,0.2,2.25
2017-09-14,13.3,27.3,0,2.26
2017-09-15,13.7,22.7,0.9,2.27
2017-09-16,15.2,19.8,0,2.26
2017-09-17,12.5,24.9,0,2.26
2017-09-18,11.6,22.8,8.2,2.27
2017-09-19,12.2,15.9,6.6,2.25
2017-09-20,10.2,22.6,0.4,2.21
2017-09-21,9.1,23.4,0,2.22
2017-09-22,9.3,24.4,0,2.23
2017-09-23,11.2,24.9,0,2.24
2017-09-24,12.9,20.6,2.9,2.24
2017-09-25,11.2,21.7,0,2.24
2017-09-26,10.3,22.7,0.2,2.24
2017-09-27,11.2,24.1,0,2.25
2017-09-28,11.8,24.4,0,2.26
2017-09-29,10.2,23,0,2.27
2017-09-30,10.3,22.2,0,2.27
2017-10-01,13.1,16.2,3.1,2.28
2017-10-02,11.7,21.8,0,2.27
2017-10-03,10.1,21.3,0,2.28
2017-10-04,14,23.2,0,2.29
2017-10-05,12.8,24.9,0,2.29
2017-10-06,10.2,23.6,31.9,2.30
2017-10-07,8.4,21.9,0.2,2.19
2017-10-08,9.3,22.6,0,2.19
2017-10-09,8.5,22.8,0,2.20
2017-10-10,11,22.3,0,2.21
2017-10-11,9,22.5,0.2,2.21
2017-10-12,9.5,23.5,0,2.22
2017-10-13,9.2,23.8,0.2,2.23
2017-10-14,8.3,23.8,0.2,2.23
2017-10-15,9.3,25.7,0.2,2.24
2017-10-16,9.4,24.8,0,2.24
2017-10-17,8.8,23.4,0.2,2.25
2017-10-18,8.5,20.7,0.2,2.25
2017-10-19,12.5,18.2,0,2.26
2017-10-20,11.4,18.4,0,2.26
2017-10-21,11.7,19.8,0,2.26
2017-10-22,10.3,18.1,19.7,2.26
2017-10-23,7,19.7,0.2,2.23
2017-10-24,5.2,21,0,2.24
2017-10-25,4.3,19.4,0,2.24
2017-10-26,5.8,21.7,0,2.24
2017-10-27,6,20.3,0,2.25
2017-10-28,5.3,18.2,0.2,2.25
2017-10-29,6.4,21.6,0,2.26
2017-10-30,6.3,18.1,0,2.26
2017-10-31,4.1,18.4,0,2.26
2017-11-01,2.8,18,0,2.27
2017-11-02,3.4,18.8,0,2.27
2017-11-03,7.6,18.1,0.2,2.27
2017-11-04,8.3,16.3,0,2.27
2017-11-05,8.5,18.3,12.9,2.27
2017-11-06,7.8,13,4.5,2.24
2017-11-07,8.4,12.3,37.1,2.22
2017-11-08,6.6,12.7,0.3,2.09
2017-11-09,5.8,14.3,3.3,2.09
2017-11-10,5.4,14,0,2.08
2017-11-11,3,13.6,0.4,2.08
2017-11-12,6.9,9.6,0.2,2.08
2017-11-13,0.3,8.7,41.6,2.08
2017-11-14,4.3,12.4,0.6,1.91
2017-11-15,3.8,10.4,0.2,1.91
2017-11-16,3.1,12.8,0,1.91
2017-11-17,2.1,13.3,0,1.91
2017-11-18,2.4,13.5,0.2,1.91
2017-11-19,0.3,12.7,0,1.92
2017-11-20,-1.3,11.9,0.2,1.92
2017-11-21,-0.2,13.5,0,1.92
2017-11-22,0.7,13.2,0.2,1.92
2017-11-23,3.1,12.8,0,1.92
2017-11-24,2.8,12.5,0,1.93
2017-11-25,6.7,13.4,2.7,1.93
2017-11-26,1.7,9.1,10.4,1.91
2017-11-27,-1,9.2,0.2,1.87
2017-11-28,-2.1,7.5,0,1.87
2017-11-29,3.2,4.6,1.2,1.87
2017-11-30,-1,8.9,0,1.87
2017-12-01,-1.8,5.4,2,1.87
2017-12-02,2.3,8.8,0.4,1.86
2017-12-03,-1.3,7.8,0,1.85
2017-12-04,-3.1,7.6,0,1.85
2017-12-05,-3.3,8.6,0.2,1.84
2017-12-06,-2.6,11.6,0,1.84
2017-12-07,-2.3,11.4,0.2,1.84
2017-12-08,2.5,6.4,1.3,1.83
2017-12-09,-2.1,7.3,0.2,1.83
2017-12-10,-4.7,6.9,0.2,1.82
2017-12-11,0.2,17.4,1.4,1.81
2017-12-12,3.1,17.1,0,1.81
2017-12-13,0.2,8.7,0,1.80
2017-12-14,0.3,7.7,0.2,1.80
2017-12-15,1.3,9.7,2.9,1.79
2017-12-16,0.4,8.3,0,1.79
2017-12-17,-2.7,7.5,0,1.78
2017-12-18,-3.9,5.6,0.2,1.78
2017-12-19,-4.8,4.8,0,1.78
2017-12-20,-3.4,5.7,0.2,1.77
2017-12-21,-5.3,6.6,0,1.77
2017-12-22,-4.5,5.8,0.2,1.76
2017-12-23,-2.6,8.9,0,1.76
2017-12-24,-2.8,11.1,0,1.76
2017-12-25,-3.7,10.9,0.2,1.75
2017-12-26,3.1,7.6,0.2,1.75
2017-12-27,3,10.9,2.1,1.74
2017-12-28,0.8,6.1,6,1.73
2017-12-29,-0.7,7.9,0,1.70
2017-12-30,-1.9,7,0,1.70
2017-12-31,-2.6,5.3,0,1.69
2018-01-01,-1.3,3.7,1.4,1.69
2018-01-02,-0.9,9.8,0.2,1.68
2018-01-03,-1.9,8.6,0.4,1.67
2018-01-04,0,10.2,0.2,1.67
2018-01-05,-1.4,9.7,0,1.66
2018-01-06,0.6,8.4,0,1.66
2018-01-07,6.6,9.4,0.2,1.65
2018-01-08,7.7,11.7,0,1.65
2018-01-09,6.9,14.6,1.9,1.64
2018-01-10,0.8,15,0.4,1.63
2018-01-11,5.1,8.7,0.4,1.62
2018-01-12,0.4,11.7,0,1.62
2018-01-13,0.4,9.4,0,1.61
2018-01-14,-2.2,8.7,0.2,1.61
2018-01-15,-0.8,5.3,0.2,1.60
2018-01-16,1,5.3,0,1.60
2018-01-17,-0.3,12.4,0,1.59
2018-01-18,-0.8,13.7,0,1.59
2018-01-19,-2.3,10.5,0,1.58
2018-01-20,-4,9.9,0,1.58
2018-01-21,-2.5,11,0,1.58
2018-01-22,-2.4,8.8,0.2,1.57
2018-01-23,-2.5,11.5,0,1.57
2018-01-24,-0.2,10.8,0,1.56
2018-01-25,-3.7,11.2,0,1.56
2018-01-26,1.9,10,0.2,1.56
2018-01-27,2.9,10,0,1.55
2018-01-28,-0.5,12.8,0,1.55
2018-01-29,-0.3,7.2,0.2,1.54
2018-01-30,2.1,4.3,0.2,1.54
2018-01-31,3.9,8.6,0.2,1.53
2018-02-01,2.7,12.8,0.2,1.53
2018-02-02,4.7,9,19.5,1.53
2018-02-03,1.1,5.3,23.4,1.44
2018-02-04,-1.3,9.2,0.2,1.37
2018-02-05,1.7,10.5,0,1.37
2018-02-06,3.6,7.2,15.3,1.37
2018-02-07,2,6.2,2.5,1.31
2018-02-08,-0.4,10.3,0.2,1.29
2018-02-09,-0.6,11.1,0,1.29
2018-02-10,-0.9,8.7,0.2,1.29
2018-02-11,0.2,9.7,0,1.29
2018-02-12,0.9,4.3,18.9,1.29
2018-02-13,-1.2,7.2,0.2,1.23
2018-02-14,-3.1,8.9,0,1.23
2018-02-15,-3.8,10.1,0.2,1.23
2018-02-16,-1.3,11.1,0,1.23
2018-02-17,-2,7.9,0.4,1.23
2018-02-18,4.1,6.6,16.3,1.23
2018-02-19,0.1,6.9,1.5,1.17
2018-02-20,-0.4,4.6,0.4,1.17
2018-02-21,0.9,7.2,6.2,1.17
2018-02-22,2.4,4.9,19.2,1.16
2018-02-23,1.9,5.1,23.5,1.09
2018-02-24,3.6,10.4,0.2,1.02
2018-02-25,-1.5,4.8,0.7,1.01
2018-02-26,-4.4,-0.1,0,1.01
2018-02-27,-9.5,0.8,0,1.01
2018-02-28,-8.4,3,0,1.01
2018-03-01,-2.8,-1.2,0,1.01
2018-03-02,-2.8,0.4,6.5,1.00
2018-03-03,-4.2,2.3,18.1,0.97
2018-03-04,-2.5,1.1,0,0.91
2018-03-05,0.3,4.1,12.1,0.91
2018-03-06,3.5,7.9,2,0.87
2018-03-07,1.7,14.1,8.9,0.86
2018-03-08,2.5,17.2,0,0.82
2018-03-09,1.8,17.2,0,0.83
2018-03-10,3.6,15.8,0,0.83
2018-03-11,7.8,11.7,14.9,0.84
2018-03-12,6.4,16.2,0.2,0.79
2018-03-13,5.2,16.8,0,0.79
2018-03-14,4,17.2,0,0.80
2018-03-15,3.7,13.4,1.6,0.81
2018-03-16,8,16,0,0.80
2018-03-17,5.3,13.1,6.1,0.81
2018-03-18,4.5,11.3,13.5,0.80
2018-03-19,3.3,5.2,2.3,0.74
2018-03-20,2.3,8.8,0,0.74
2018-03-21,0.1,9.4,0,0.74
2018-03-22,-1,9.9,0,0.75
2018-03-23,-1,12.1,0,0.75
2018-03-24,0.7,13.2,0,0.78
2018-03-25,-0.8,12.4,0,0.81
2018-03-26,-1.2,16.3,0,0.84
2018-03-27,5.6,17.7,0,0.87
2018-03-28,1.9,18.1,0,0.91
2018-03-29,7.1,19.9,0,0.94
2018-03-30,6.7,20.8,0,0.97
2018-03-31,7.5,15.9,3.7,1.01
2018-04-01,5.5,19.4,0.6,1.03
2018-04-02,2.1,19.9,0,1.06
2018-04-03,7.2,17.3,0,1.09
2018-04-04,10.4,16.4,7.7,1.13
2018-04-05,6.9,16.9,0.2,1.12
2018-04-06,4.4,19.4,0,1.15
2018-04-07,4.8,20,0,1.16
2018-04-08,5.8,19,0,1.17
2018-04-09,8.4,14.9,0.4,1.19
2018-04-10,6,18.7,0.2,1.19
2018-04-11,5.5,17,2.8,1.20
2018-04-12,9.6,18.6,1,1.21
2018-04-13,7.1,20.4,0,1.21
2018-04-14,6.7,21,0,1.22
2018-04-15,10.6,18.5,0,1.24
2018-04-16,9.1,24,0,1.25
2018-04-17,11.2,23.4,0,1.26
2018-04-18,10.3,24,0,1.28
2018-04-19,8.5,24.6,0,1.29
2018-04-20,10.6,27.7,0,1.31
2018-04-21,10.7,26.7,0,1.33
2018-04-22,8.2,26.3,0,1.34
2018-04-23,12.3,27.3,0,1.36
2018-04-24,11.5,28.1,0.2,1.38
2018-04-25,12.3,28.2,0,1.40
2018-04-26,11.4,28.6,0,1.42
2018-04-27,11.8,23.5,0,1.44
2018-04-28,10.1,26.9,0,1.46
2018-04-29,12.1,26.7,0.6,1.48
2018-04-30,12.1,24.3,0,1.50
2018-05-01,9.8,21.2,5,1.52
2018-05-02,11.9,19.3,10.3,1.52
2018-05-03,12.1,20.3,8.2,1.49
2018-05-04,14,23.2,0.6,1.48
2018-05-05,13,25.4,0,1.49
2018-05-06,15.7,27.3,0,1.51
2018-05-07,14.6,26.7,0,1.53
2018-05-08,15.3,25.6,1.4,1.55
2018-05-09,14.8,23.6,0.4,1.56
2018-05-10,13.9,23.7,0,1.58
2018-05-11,12,27,0,1.60
2018-05-12,13.7,26.9,0,1.62
2018-05-13,12.1,26.3,0.6,1.64
2018-05-14,11.9,20.7,4,1.66
2018-05-15,8.3,20.4,0,1.66
2018-05-16,8.8,22.6,1.6,1.68
2018-05-17,10.4,22.8,3.3,1.69
2018-05-18,8.8,24.8,0.2,1.70
2018-05-19,10.2,25.5,0,1.72
2018-05-20,10.7,26.2,0,1.74
2018-05-21,12.6,26.5,0.8,1.76
2018-05-22,14.3,22.8,6.6,1.78
2018-05-23,14.2,23.4,2.6,1.76
2018-05-24,14.2,27.8,0.2,1.78
2018-05-25,15,29.3,0,1.80
2018-05-26,16.8,30,0,1.82
2018-05-27,16.4,29.9,0,1.84
2018-05-28,17.2,29.1,0,1.86
2018-05-29,18.9,29.4,0,1.88
2018-05-30,18.5,28,0,1.90
2018-05-31,17.7,29.8,14.5,1.92
2018-06-01,15.6,28.6,0.2,1.85
2018-06-02,16.3,30.1,0,1.87
2018-06-03,16.8,31,0,1.89
2018-06-04,17.5,30.5,0.4,1.91
2018-06-05,17.6,29.9,0.2,1.93
2018-06-06,15.8,29.3,0,1.95
2018-06-07,17.6,29.9,0,1.97
2018-06-08,16.7,24.6,46.4,1.99
2018-06-09,16.3,29.8,0,1.73
2018-06-10,17,31.1,0,1.75
2018-06-11,18.4,32.3,0,1.77
2018-06-12,17.8,30.5,0,1.80
2018-06-13,16.5,26.9,0.2,1.81
2018-06-14,16.8,25.7,14.4,1.83
2018-06-15,16.1,26.7,0,1.76
2018-06-16,14.3,28.7,0,1.78
2018-06-17,15.2,30.6,0,1.81
2018-06-18,16.8,30.4,0,1.83
2018-06-19,16.8,30.6,0,1.85
2018-06-20,15.8,30.9,0,1.88
2018-06-21,16.5,32.8,0,1.90
2018-06-22,16.1,24.6,1.4,1.92
2018-06-23,13.1,24.9,0,1.92
2018-06-24,11.4,26.3,0,1.94
2018-06-25,12.9,24.6,7.8,1.96
2018-06-26,12.6,26.5,0,1.96
2018-06-27,12.5,27.5,0.4,1.97
2018-06-28,12.4,29,0.6,1.99
2018-06-29,14.7,31.8,0,2.01
2018-06-30,16.2,34.7,0,2.03
2018-07-01,18.3,29.2,0,2.05
2018-07-02,19,31.2,0,2.07
2018-07-03,20.7,31.7,0.3,2.09
2018-07-04,20,32.3,0,2.10
2018-07-05,18.8,32.2,2.7,2.12
2018-07-06,18,30.4,0.8,2.14
2018-07-07,17.3,32.1,1.5,2.11
2018-07-08,19.7,31.4,0,2.13
2018-07-09,17.6,31.6,0,2.15
2018-07-10,19.9,32.2,0,2.17
2018-07-11,18.1,25.9,2.4,2.19
2018-07-12,18.6,30.5,1.3,2.19
2018-07-13,18.2,32.2,0.2,2.21
2018-07-14,19,32.9,0.6,2.23
2018-07-15,19.2,32.1,0.4,2.24
2018-07-16,16.8,29.9,32.8,2.26
2018-07-17,16.6,31.4,0.2,2.20
2018-07-18,17.7,34.3,0,2.21
2018-07-19,18.6,34.4,0,2.21
2018-07-20,18.6,35,9,2.22
2018-07-21,18.5,28.1,0.4,2.22
2018-07-22,18.1,29.8,0,2.22
2018-07-23,18.1,32,0.7,2.22
2018-07-24,16.9,32.5,0,2.23
2018-07-25,18,33.9,0,2.23
2018-07-26,19.5,32,0.4,2.24
2018-07-27,17.2,33.6,0,2.24
2018-07-28,18.5,35.6,0.4,2.25
2018-07-29,20.7,34.1,0,2.25
2018-07-30,21.4,35.9,0,2.26
2018-07-31,20.8,37.2,0,2.26
2018-08-01,21.8,36.8,0,2.27
2018-08-02,23.1,33.1,26.1,2.28
2018-08-03,21.4,33.4,0,2.28
2018-08-04,20.4,34.5,0,2.28
2018-08-05,20,36.2,0,2.28
2018-08-06,20,35.3,0,2.29
2018-08-07,19.7,35.7,0,2.29
2018-08-08,20.2,35,0,2.30
2018-08-09,19.2,34.8,8.6,2.30
2018-08-10,18.5,33.4,0,2.21
2018-08-11,19.5,34.5,0,2.23
2018-08-12,20.7,31.3,4.4,2.24
2018-08-13,18.4,33.9,4.4,2.25
2018-08-14,19,29.1,9.3,2.25
2018-08-15,18,30.8,0,2.24
2018-08-16,16.3,31.3,0,2.25
2018-08-17,15.9,32.9,0,2.26
2018-08-18,17.4,33.7,0,2.28
2018-08-19,18.3,33.6,0,2.29
2018-08-20,19.2,34.1,0,2.30
2018-08-21,19.1,34.8,0,2.32
2018-08-22,18.9,35.3,0.1,2.33
2018-08-23,19,35.1,0,2.35
2018-08-24,18.8,34.4,0.4,2.36
2018-08-25,19.1,28.7,15.9,2.37
2018-08-26,13,21.9,6.8,2.30
2018-08-27,11,27,0,2.27
2018-08-28,13.3,30.6,0,2.28
2018-08-29,15.1,31.9,0,2.29
2018-08-30,17,31.8,0,2.30
2018-08-31,16.9,30.4,17.7,2.31
2018-09-01,15.6,23.5,0.2,2.30
2018-09-02,15.5,24.7,0.9,2.30
2018-09-03,15.4,26.8,0,2.27
2018-09-04,14.5,29.1,0,2.28
2018-09-05,15.7,30.2,0,2.29
2018-09-06,15.1,31.2,0,2.30
2018-09-07,17.6,27.7,15.7,2.31
2018-09-08,16.4,28.8,0.1,2.30
2018-09-09,15.4,30.3,0.1,2.31
2018-09-10,17.1,31.8,0,2.33
2018-09-11,17.2,31.5,0,2.34
2018-09-12,17.3,31.9,0,2.35
2018-09-13,17.9,27.8,0,2.36
2018-09-14,16.8,31.4,0,2.37
2018-09-15,17.9,28.1,0.2,2.38
2018-09-16,16.8,30.3,0,2.39
2018-09-17,17.1,29.5,17.5,2.40
2018-09-18,18,28.8,0.2,2.39
2018-09-19,16.4,29.8,0,2.40
2018-09-20,16.3,30.8,0,2.41
2018-09-21,15.1,31.2,0,2.42
2018-09-22,16.7,30.8,0,2.43
2018-09-23,14.9,30.3,0,2.44
2018-09-24,12.9,26.2,0,2.45
2018-09-25,9.5,21.9,0,2.46
2018-09-26,7.3,19.8,0,2.47
2018-09-27,5.4,24.6,0,2.47
2018-09-28,7.4,26.7,0,2.48
2018-09-29,9.3,25.5,0,2.49
2018-09-30,10.4,23.1,0,2.50
2018-10-01,11,18.5,2,2.50
2018-10-02,7.3,21.2,0,2.48
2018-10-03,4.9,22.7,0,2.49
2018-10-04,7.9,25.2,0,2.49
2018-10-05,7.2,23.3,1,2.50
2018-10-06,14.8,17.7,7.7,2.50
2018-10-07,12.3,23.1,0,2.48
2018-10-08,10.8,24.8,0.2,2.48
2018-10-09,11.3,25.7,0,2.49
2018-10-10,10.8,24.7,0.2,2.50
2018-10-11,10.3,21.8,0,2.50
2018-10-12,12.7,24.1,0.2,2.45
2018-10-13,10.3,24.4,0,2.46
2018-10-14,7.9,24,0,2.46
2018-10-15,10.5,23.3,0,2.46
2018-10-16,14.8,20.7,0.2,2.46
2018-10-17,15.1,18.3,2.4,2.46
2018-10-18,13,23.1,0,2.45
2018-10-19,10.6,24,0.2,2.45
2018-10-20,10,24.1,0,2.46
2018-10-21,5.5,20.4,1.3,2.46
2018-10-22,4.1,18.6,0,2.45
2018-10-23,6.1,20.2,0,2.45
2018-10-24,8.5,27.6,0,2.45
2018-10-25,9.8,22.3,0,2.45
2018-10-26,8.8,18.7,0,2.45
2018-10-27,14.2,24.6,0,2.45
2018-10-28,13.4,22.6,2.1,2.45
2018-10-29,14.3,21.4,31.2,2.45
2018-10-30,9.5,18.3,4.2,2.36
2018-10-31,7.6,19.9,0,2.33
2018-11-01,12.9,17.4,11.1,2.33
2018-11-02,12.7,14.9,7.7,2.29
2018-11-03,13,16.6,0,2.26
2018-11-04,12,16.7,3.9,2.26
2018-11-05,14.6,20.6,1.4,2.24
2018-11-06,13.1,19.1,0.6,2.24
2018-11-07,12.4,19.2,0.2,2.24
2018-11-08,9,21.2,0,2.23
2018-11-09,8.1,17.6,0.4,2.23
2018-11-10,12.2,14.9,0,2.23
2018-11-11,11.3,19.2,0,2.23
2018-11-12,12.8,16,0,2.22
2018-11-13,12.3,19,0,2.22
2018-11-14,8.7,16.1,0.2,2.22
2018-11-15,7.4,14.9,0.2,2.21
2018-11-16,5.2,14.4,0,2.21
2018-11-17,4.2,13.4,0,2.21
2018-11-18,0.4,11.5,0,2.20
2018-11-19,1.7,7.5,5,2.20
2018-11-20,3.8,5.5,8.7,2.18
2018-11-21,3.5,10.8,0,2.14
2018-11-22,6,11.8,0.2,2.14
2018-11-23,5,10.9,8.6,2.14
2018-11-24,9.2,11.9,4.6,2.09
2018-11-25,8.8,9.7,4.8,2.08
2018-11-26,5.3,13.8,0.2,2.05
2018-11-27,6.9,13.5,0,2.05
2018-11-28,2,13.2,0,2.04
2018-11-29,-0.6,9,0,2.04
2018-11-30,-1.5,5.5,0.2,2.04
2018-12-01,2.5,7.7,0,2.03
2018-12-02,3.7,6.8,0,2.03
2018-12-03,4.7,11,0,2.02
2018-12-04,1.3,12.3,0.2,2.02
2018-12-05,-0.6,9.7,0.2,2.02
2018-12-06,5.7,8.3,0,2.01
2018-12-07,2.4,9.7,0.2,2.01
2018-12-08,0.6,14.3,1.2,2.00
2018-12-09,-1,8.2,0.2,1.99
2018-12-10,0.9,12.3,0,1.99
2018-12-11,-2.2,11.5,0,1.99
2018-12-12,-3.9,8.1,0,1.98
2018-12-13,-1.7,4.5,2.4,1.98
2018-12-14,-2.4,6.6,0.2,1.97
2018-12-15,-4.1,5.4,0,1.97
2018-12-16,-4.6,2,0.2,1.96
2018-12-17,-1.5,1.7,9.7,1.96
2018-12-18,-3.8,1,0.4,1.92
2018-12-19,-3,0.6,1,1.91
2018-12-20,-0.7,3.5,3.8,1.90
2018-12-21,-3.1,4.7,0.2,1.88
2018-12-22,0.8,6.9,0,1.87
2018-12-23,2.8,5.3,0,1.87
2018-12-24,2.2,5.7,0,1.87
2018-12-25,2.7,4.1,0.2,1.86
2018-12-26,0,2.9,0,1.86
2018-12-27,-0.3,1.4,0,1.85
2018-12-28,-1.6,6.6,0.2,1.85
2018-12-29,-2.9,8.4,0.2,1.84
2018-12-30,-1.7,8.6,0.2,1.84
2018-12-31,-2.2,10.9,0.2,1.84
